customer_id,month,trigger_name,baseline_value,current_value,spend_at_stake
501882822387,2019-03-01,dining_cooling,4.0,1.0,311.247112042264
565399283797,2019-03-01,dining_cooling,5.0,2.0,258.2936029187247
568279015842,2019-03-01,dining_cooling,5.0,2.0,299.4153141420975
630423337322,2019-03-01,dining_cooling,10.0,1.0,460.8963079959163
630425673344,2019-03-01,dining_cooling,6.0,4.0,270.4842934037658
676369110710,2019-03-01,dining_cooling,12.0,8.0,295.4340132511597
4279161831637,2019-03-01,dining_cooling,4.0,2.0,0.0
4981132848794,2019-03-01,dining_cooling,7.0,2.0,101.3335711060943
30197398657930,2019-03-01,dining_cooling,8.0,4.0,363.958820336329
30230540139182,2019-03-01,dining_cooling,8.0,5.0,378.43530992618776
30501624614310,2019-03-01,dining_cooling,6.0,3.0,0.0
36153880429415,2019-03-01,dining_cooling,8.0,5.0,870.0894908637837
38295635583927,2019-03-01,dining_cooling,9.0,6.0,161.12201475678927
180018375329178,2019-03-01,dining_cooling,7.0,4.0,375.8509786597109
180049032966888,2019-03-01,dining_cooling,14.0,5.0,829.7220609976675
180084695172649,2019-03-01,dining_cooling,4.0,1.0,231.97768860989478
213141712584544,2019-03-01,dining_cooling,14.0,9.0,585.340314484788
342035762534413,2019-03-01,dining_cooling,5.0,2.0,32.45401546826029
349612764943496,2019-03-01,dining_cooling,5.0,0.0,393.8655981276836
371284424780634,2019-03-01,dining_cooling,4.0,2.0,243.63179477939372
377895991033232,2019-03-01,dining_cooling,6.0,4.0,95.46882764618545
2252055259910912,2019-03-01,dining_cooling,10.0,6.0,417.73909498642286
2284059275940012,2019-03-01,dining_cooling,4.0,2.0,307.37093770305336
2712209726293386,2019-03-01,dining_cooling,20.0,11.0,1104.8357202317968
2720830304681674,2019-03-01,dining_cooling,5.0,2.0,312.50230679126526
3518669219150142,2019-03-01,dining_cooling,9.0,6.0,322.6482017169036
3541554378551366,2019-03-01,dining_cooling,4.0,2.0,358.6348818532666
3543299015720986,2019-03-01,dining_cooling,4.0,1.0,179.13400960964458
3549202406645667,2019-03-01,dining_cooling,6.0,2.0,884.4022208266791
3552581383553463,2019-03-01,dining_cooling,7.0,4.0,536.0289934984514
3559679414981506,2019-03-01,dining_cooling,9.0,4.0,680.6408625252
3582754887089201,2019-03-01,dining_cooling,7.0,2.0,341.6998399795237
4070511711385545,2019-03-01,dining_cooling,5.0,1.0,200.32228357509368
4104312520615374,2019-03-01,dining_cooling,4.0,2.0,0.0
4430881574719618,2019-03-01,dining_cooling,6.0,4.0,289.9801969258625
4450831335606294,2019-03-01,dining_cooling,8.0,3.0,124.15641315222925
4451952084362894,2019-03-01,dining_cooling,10.0,5.0,465.3225505324011
4482427013979020,2019-03-01,dining_cooling,5.0,2.0,107.12347692797911
4561368699336875,2019-03-01,dining_cooling,8.0,4.0,245.13505704102445
4839043708100390,2019-03-01,dining_cooling,11.0,3.0,93.94241194757836
5152054598359927,2019-03-01,dining_cooling,6.0,4.0,0.0
6011679934075347,2019-03-01,dining_cooling,6.0,4.0,323.90314612711984
6573561108825071,2019-03-01,dining_cooling,6.0,2.0,910.1251471678682
6595970453799027,2019-03-01,dining_cooling,8.0,3.0,531.4467828841103
4089096483689733451,2019-03-01,dining_cooling,9.0,4.0,404.572930338808
4210078554961359092,2019-03-01,dining_cooling,5.0,2.0,286.7782046462114
4488258847705225890,2019-03-01,dining_cooling,11.0,6.0,441.03246604588196
4584931703207308232,2019-03-01,dining_cooling,5.0,1.0,371.5338686162562
581293083266,2019-04-01,dining_cooling,9.0,5.0,444.8092385706428
676248282243,2019-04-01,dining_cooling,5.0,0.0,401.4948960315757
676281772837,2019-04-01,dining_cooling,9.0,5.0,535.3775643411927
676298633337,2019-04-01,dining_cooling,5.0,2.0,245.40442141429705
676314217768,2019-04-01,dining_cooling,4.0,1.0,632.3931609690339
4427805710168,2019-04-01,dining_cooling,9.0,3.0,698.8809559296161
4601636330889,2019-04-01,dining_cooling,7.0,2.0,620.9828435827426
4613314721966,2019-04-01,dining_cooling,5.0,3.0,218.5135773389678
4809701904914,2019-04-01,dining_cooling,7.0,3.0,467.84803088589683
30150717898388,2019-04-01,dining_cooling,6.0,3.0,106.90820857548424
30175986190993,2019-04-01,dining_cooling,6.0,4.0,277.9500011966129
30270432095985,2019-04-01,dining_cooling,10.0,4.0,189.03092122285543
30328384440870,2019-04-01,dining_cooling,8.0,3.0,755.5267075528859
30343344410970,2019-04-01,dining_cooling,6.0,2.0,240.87914217274724
38014427445058,2019-04-01,dining_cooling,4.0,0.0,561.1061367069966
38530489946071,2019-04-01,dining_cooling,7.0,4.0,114.94266487744498
180011453250192,2019-04-01,dining_cooling,11.0,6.0,603.0868515514226
213148039875802,2019-04-01,dining_cooling,6.0,2.0,281.8691133030023
213161231269724,2019-04-01,dining_cooling,6.0,3.0,382.1202249284228
213180742685905,2019-04-01,dining_cooling,10.0,4.0,504.9012528689253
344342339068828,2019-04-01,dining_cooling,5.0,3.0,202.3298620077641
345933964507467,2019-04-01,dining_cooling,9.0,5.0,329.38593411092694
370612217861404,2019-04-01,dining_cooling,7.0,4.0,756.2598539235713
370877495212014,2019-04-01,dining_cooling,13.0,6.0,1189.3297434235642
373043435942726,2019-04-01,dining_cooling,7.0,3.0,388.42061259789665
376028110684021,2019-04-01,dining_cooling,11.0,5.0,672.2845346460997
377113842678100,2019-04-01,dining_cooling,9.0,3.0,304.64057651362
2356276337669917,2019-04-01,dining_cooling,5.0,1.0,59.56557892427292
2383461948823908,2019-04-01,dining_cooling,9.0,6.0,368.0781058094819
2450829271795901,2019-04-01,dining_cooling,4.0,2.0,237.4116661452573
2720894374956739,2019-04-01,dining_cooling,5.0,3.0,294.40749200335426
3506042666828517,2019-04-01,dining_cooling,5.0,1.0,336.6677116142343
3517814635263522,2019-04-01,dining_cooling,4.0,2.0,23.96480684821205
3521815216091574,2019-04-01,dining_cooling,6.0,3.0,311.8928489119033
3535808924394848,2019-04-01,dining_cooling,8.0,2.0,535.2204282132503
3542162746848552,2019-04-01,dining_cooling,4.0,2.0,0.0
4048508450704760,2019-04-01,dining_cooling,6.0,1.0,173.45924820163634
4169759661243568,2019-04-01,dining_cooling,8.0,3.0,383.41793362995816
4229733778084049,2019-04-01,dining_cooling,10.0,4.0,618.3974978403699
4328928491302401,2019-04-01,dining_cooling,6.0,3.0,326.0979532188975
4334230547694630,2019-04-01,dining_cooling,8.0,4.0,297.0028224470023
4555104582813474,2019-04-01,dining_cooling,5.0,0.0,390.13937346927685
4629451965224809,2019-04-01,dining_cooling,8.0,5.0,669.4948893248992
4670613943676271,2019-04-01,dining_cooling,5.0,1.0,353.3947623411727
4708992452821239,2019-04-01,dining_cooling,5.0,2.0,196.86781935920936
4740713119940984,2019-04-01,dining_cooling,5.0,3.0,259.33926263069986
4822367783500458,2019-04-01,dining_cooling,9.0,2.0,889.6236505348492
4908846471916297,2019-04-01,dining_cooling,12.0,8.0,404.63443377708654
4917187576956394,2019-04-01,dining_cooling,4.0,1.0,89.26156579571699
5130484058948421,2019-04-01,dining_cooling,7.0,4.0,360.67631026403626
5154903938030655,2019-04-01,dining_cooling,4.0,0.0,344.84131198593127
6011231546538393,2019-04-01,dining_cooling,4.0,0.0,289.2488629370064
6011388901471808,2019-04-01,dining_cooling,7.0,2.0,378.67123156390016
6592861994408652,2019-04-01,dining_cooling,7.0,2.0,189.58641388808158
4503101193493052864,2019-04-01,dining_cooling,6.0,3.0,275.1260757046199
4536996888716062123,2019-04-01,dining_cooling,13.0,8.0,356.47889833252503
4736845434667908128,2019-04-01,dining_cooling,6.0,3.0,0.0
60487002085,2019-04-01,first_travel,0.0,14.24,14.24
30518196150127,2019-04-01,first_travel,0.0,11.219999999999999,11.219999999999999
213186334552049,2019-04-01,first_travel,0.0,1.36,1.36
342360239917375,2019-04-01,first_travel,0.0,6.15,6.15
378006354724784,2019-04-01,first_travel,0.0,431.27,431.27
2284059275940012,2019-04-01,first_travel,0.0,3.08,3.08
2610529083834453,2019-04-01,first_travel,0.0,1.03,1.03
3540862542587229,2019-04-01,first_travel,0.0,13.8,13.8
3572976568630035,2019-04-01,first_travel,0.0,9.74,9.74
4228411452607671,2019-04-01,first_travel,0.0,5.51,5.51
4767265376804500,2019-04-01,first_travel,0.0,5.67,5.67
4933461930348832,2019-04-01,first_travel,0.0,3.16,3.16
5580563567307107,2019-04-01,first_travel,0.0,548.95,548.95
6535328428560433,2019-04-01,first_travel,0.0,14.030000000000001,14.030000000000001
6597248210463122,2019-04-01,first_travel,0.0,16.43,16.43
4209696857872688515,2019-04-01,first_travel,0.0,9.92,9.92
4244953610136705533,2019-04-01,first_travel,0.0,979.28,979.28
4497451418073897078,2019-04-01,first_travel,0.0,7.57,7.57
503874407318,2019-05-01,dining_cooling,11.0,2.0,560.5699086329814
676118385837,2019-05-01,dining_cooling,7.0,0.0,545.5056774505211
4158008602445,2019-05-01,dining_cooling,6.0,2.0,381.32407953661925
4189814094741,2019-05-01,dining_cooling,6.0,0.0,201.0319977889484
4806443445305,2019-05-01,dining_cooling,5.0,2.0,0.0
4862293128558,2019-05-01,dining_cooling,7.0,2.0,23.648693030620684
30135235368675,2019-05-01,dining_cooling,9.0,3.0,83.16152734859548
30235438713303,2019-05-01,dining_cooling,13.0,4.0,190.93020193256334
30344654314976,2019-05-01,dining_cooling,6.0,1.0,267.35302661845657
30371006069917,2019-05-01,dining_cooling,4.0,1.0,235.62335234687214
30491348102802,2019-05-01,dining_cooling,5.0,0.0,151.26143663597878
38588538868506,2019-05-01,dining_cooling,12.0,5.0,416.01060439141474
180065479077096,2019-05-01,dining_cooling,8.0,2.0,425.6785484330561
180068353086472,2019-05-01,dining_cooling,5.0,0.0,311.2345364035463
180069253480336,2019-05-01,dining_cooling,8.0,4.0,242.20371743802565
213153151785052,2019-05-01,dining_cooling,10.0,5.0,257.93936134782007
213154573301411,2019-05-01,dining_cooling,8.0,1.0,462.6956533618664
213163860545705,2019-05-01,dining_cooling,8.0,2.0,366.0262616946252
213191402330021,2019-05-01,dining_cooling,8.0,3.0,480.9794311443519
345832460465610,2019-05-01,dining_cooling,16.0,6.0,1086.0807188326671
348789608637806,2019-05-01,dining_cooling,10.0,4.0,638.3619336831541
378278619832195,2019-05-01,dining_cooling,11.0,4.0,343.2422222238815
2227671554547514,2019-05-01,dining_cooling,6.0,1.0,245.45956316601058
2235335206132667,2019-05-01,dining_cooling,4.0,2.0,104.9810104972279
2248735346244816,2019-05-01,dining_cooling,9.0,2.0,171.56614471830426
2288748891690227,2019-05-01,dining_cooling,4.0,2.0,334.2668006396075
2297447006766555,2019-05-01,dining_cooling,9.0,4.0,140.68205707025137
2576709887791552,2019-05-01,dining_cooling,9.0,4.0,333.86429515698103
3528407217576457,2019-05-01,dining_cooling,5.0,1.0,363.90367936719014
3536818734263520,2019-05-01,dining_cooling,4.0,1.0,0.0
3540017235499519,2019-05-01,dining_cooling,5.0,1.0,264.8899807845726
3561212938177173,2019-05-01,dining_cooling,4.0,1.0,320.397138355164
3581130339108561,2019-05-01,dining_cooling,4.0,2.0,98.12167335243521
3591919803438423,2019-05-01,dining_cooling,6.0,2.0,213.98332855259991
4003989662068504,2019-05-01,dining_cooling,20.0,10.0,330.2659196289694
4119762878330989,2019-05-01,dining_cooling,6.0,3.0,444.5159414282017
4158758517677931,2019-05-01,dining_cooling,4.0,1.0,186.72747131186614
4171397999167005,2019-05-01,dining_cooling,5.0,2.0,37.85473375726485
4384910379661778,2019-05-01,dining_cooling,10.0,3.0,671.7291394310548
4428154703770710,2019-05-01,dining_cooling,4.0,1.0,143.56227534005484
4449530933957323,2019-05-01,dining_cooling,11.0,5.0,104.923829246737
4492491748959010,2019-05-01,dining_cooling,7.0,1.0,377.503916378029
4509142395811241,2019-05-01,dining_cooling,8.0,3.0,337.21741055865107
4707867759656333,2019-05-01,dining_cooling,7.0,1.0,590.5070079197901
4824023901222438,2019-05-01,dining_cooling,4.0,1.0,235.34074563639996
4874017206859125,2019-05-01,dining_cooling,9.0,4.0,296.3094602862431
5456712664803820,2019-05-01,dining_cooling,8.0,1.0,726.1523712202811
5501083170975659,2019-05-01,dining_cooling,12.0,3.0,754.3342156627308
6011366578560244,2019-05-01,dining_cooling,15.0,5.0,398.43440655693723
6011393492413821,2019-05-01,dining_cooling,7.0,2.0,368.25787447385517
6011492816282597,2019-05-01,dining_cooling,5.0,2.0,57.405377871436826
6524376634971418,2019-05-01,dining_cooling,4.0,1.0,0.0
6526955903501879,2019-05-01,dining_cooling,4.0,1.0,352.84739757399024
6592243974328236,2019-05-01,dining_cooling,7.0,3.0,114.79421890093718
4102003771126577611,2019-05-01,dining_cooling,10.0,4.0,243.56287456385985
4410582919485061752,2019-05-01,dining_cooling,7.0,3.0,509.70208415146595
4497451418073897078,2019-05-01,dining_cooling,6.0,2.0,279.0593721574313
4756039869079882102,2019-05-01,dining_cooling,4.0,1.0,290.2322826827141
4158008602445,2019-05-01,first_travel,0.0,3.89,3.89
4189814094741,2019-05-01,first_travel,0.0,17.07,17.07
30541100351706,2019-05-01,first_travel,0.0,5.64,5.64
2222157926772399,2019-05-01,first_travel,0.0,7.28,7.28
4373370572092720777,2019-05-01,first_travel,0.0,12.71,12.71
584673555952,2019-06-01,dining_cooling,11.0,3.0,460.3005124049638
676309913934,2019-06-01,dining_cooling,6.0,2.0,90.86198579619722
4103158249977,2019-06-01,dining_cooling,5.0,3.0,196.515859396226
4259996134423,2019-06-01,dining_cooling,6.0,1.0,428.9516394572701
4440581794652,2019-06-01,dining_cooling,4.0,1.0,354.5433457875134
4585132874641,2019-06-01,dining_cooling,10.0,5.0,385.05301979461524
30434173205605,2019-06-01,dining_cooling,5.0,1.0,152.68345621800145
30596478689301,2019-06-01,dining_cooling,6.0,3.0,0.0
36153880429415,2019-06-01,dining_cooling,10.0,1.0,1353.2166265189571
38199021865320,2019-06-01,dining_cooling,12.0,7.0,467.71740682407494
38544312728630,2019-06-01,dining_cooling,5.0,2.0,381.2350920414642
213186334552049,2019-06-01,dining_cooling,6.0,2.0,57.30679304905496
213193596103206,2019-06-01,dining_cooling,11.0,5.0,488.83613420390554
343464013864032,2019-06-01,dining_cooling,5.0,3.0,183.05228496788828
346208242862904,2019-06-01,dining_cooling,4.0,0.0,793.3621541913712
348379466427142,2019-06-01,dining_cooling,8.0,3.0,830.2422836873045
372520049757633,2019-06-01,dining_cooling,20.0,12.0,773.7132330278882
375904527651269,2019-06-01,dining_cooling,5.0,2.0,392.36685825726914
379141394109214,2019-06-01,dining_cooling,5.0,1.0,414.67782730358977
2280870154157385,2019-06-01,dining_cooling,4.0,1.0,0.0
2358122155477959,2019-06-01,dining_cooling,4.0,1.0,271.2785266087666
3517527805128735,2019-06-01,dining_cooling,8.0,4.0,0.0
3527536963490470,2019-06-01,dining_cooling,12.0,4.0,258.6251562011251
3529597810116815,2019-06-01,dining_cooling,10.0,4.0,301.9566306409118
3533012926413100,2019-06-01,dining_cooling,14.0,5.0,412.12380102022803
3533177016567295,2019-06-01,dining_cooling,6.0,3.0,0.0
3534093764340240,2019-06-01,dining_cooling,4.0,1.0,480.9611917482869
3540075240003197,2019-06-01,dining_cooling,12.0,6.0,0.0
3547574373318979,2019-06-01,dining_cooling,5.0,3.0,0.0
3550554389581384,2019-06-01,dining_cooling,5.0,0.0,372.55364158151394
3554818239968984,2019-06-01,dining_cooling,4.0,1.0,241.85134002946228
3557442674264531,2019-06-01,dining_cooling,6.0,1.0,286.6830362507202
3565423334076143,2019-06-01,dining_cooling,9.0,4.0,569.3481334867787
3597926034019603,2019-06-01,dining_cooling,5.0,3.0,0.0
4129767952109660,2019-06-01,dining_cooling,6.0,2.0,269.4481352795961
4147608975828480,2019-06-01,dining_cooling,10.0,5.0,140.0967561188627
4170689372027579,2019-06-01,dining_cooling,15.0,9.0,522.7464157428801
4365382885912355,2019-06-01,dining_cooling,6.0,3.0,258.65479028451927
4433091568498503,2019-06-01,dining_cooling,5.0,0.0,515.2917711542822
4550599031376731,2019-06-01,dining_cooling,13.0,6.0,469.2779520131903
4727244663135968,2019-06-01,dining_cooling,11.0,5.0,945.6172800655404
4800395067176717,2019-06-01,dining_cooling,5.0,3.0,200.9151241853238
5152054598359927,2019-06-01,dining_cooling,10.0,4.0,109.19531809703466
6011504998544485,2019-06-01,dining_cooling,18.0,9.0,1114.5894339767085
6011603272871604,2019-06-01,dining_cooling,12.0,2.0,1276.5901848753651
6011706277606006,2019-06-01,dining_cooling,4.0,1.0,197.73663660385625
6011934240159560,2019-06-01,dining_cooling,9.0,0.0,696.8646938529405
6593939509150446,2019-06-01,dining_cooling,4.0,1.0,270.85715210630764
6596735789587928,2019-06-01,dining_cooling,8.0,3.0,678.7376900518948
4045036286570100739,2019-06-01,dining_cooling,7.0,3.0,364.8858706818231
4089096483689733451,2019-06-01,dining_cooling,7.0,4.0,411.49548894940426
4497913965512794052,2019-06-01,dining_cooling,6.0,1.0,492.5546722022414
4761403817546679245,2019-06-01,dining_cooling,7.0,0.0,293.1523330556193
4810839835482794272,2019-06-01,dining_cooling,12.0,5.0,91.6856433215824
4890424426862856940,2019-06-01,dining_cooling,12.0,3.0,513.1813354992463
4958589671582726883,2019-06-01,dining_cooling,7.0,1.0,521.5127739052493
3576511691045060,2019-06-01,first_travel,0.0,8.12,8.12
4462038234743679432,2019-06-01,first_travel,0.0,5.97,5.97
501802953619,2019-06-01,travel_drop,635.3500000000001,50.31999999999999,711.5747759868143
561942763351,2019-06-01,travel_drop,499.23,41.14,557.5233021419647
571844099986,2019-06-01,travel_drop,2006.1299999999999,47.52,2358.1775949483394
581686439828,2019-06-01,travel_drop,769.06,63.370000000000005,858.8662421034379
630424987505,2019-06-01,travel_drop,343.23,48.74,362.8522624725809
630451534402,2019-06-01,travel_drop,14664.01,110.29,17474.39972065539
676102124465,2019-06-01,travel_drop,2943.55,41.99,3487.836659094967
676275912597,2019-06-01,travel_drop,2014.53,471.01,1944.7606509305372
676369110710,2019-06-01,travel_drop,1049.5700000000002,64.60000000000001,1194.016353242277
4026222041577,2019-06-01,travel_drop,907.48,22.35,1065.87581461008
4745996322265,2019-06-01,travel_drop,9985.659999999998,52.3,11922.23716657038
4900628639996,2019-06-01,travel_drop,1318.0100000000002,34.019999999999996,1546.502442273363
4917226033950,2019-06-01,travel_drop,256.26,0.0,307.3001578568994
4981132848794,2019-06-01,travel_drop,4261.210000000002,559.08,4550.849390702407
30118423745458,2019-06-01,travel_drop,557.55,39.32,629.279090818365
30235268718158,2019-06-01,travel_drop,12837.35,2583.45,12810.757763460031
30235438713303,2019-06-01,travel_drop,3146.6799999999994,240.16000000000003,3533.2547378644654
30270432095985,2019-06-01,travel_drop,423.23999999999995,93.71000000000001,413.8281207030128
30371006069917,2019-06-01,travel_drop,261.9,25.380000000000003,288.6834954449463
30434173205605,2019-06-01,travel_drop,3597.74,6.29,4308.0238606418525
30442439074871,2019-06-01,travel_drop,1427.1599999999999,13.11,1698.3022113753707
30561214688470,2019-06-01,travel_drop,1063.2500000000002,57.45,1217.5710444132847
36913587729122,2019-06-01,travel_drop,877.9300000000001,65.62,987.1702426727062
180031190491743,2019-06-01,travel_drop,2734.13,1319.26,1959.4357800721311
213114122496591,2019-06-01,travel_drop,204.49,15.239999999999998,229.97895449995065
213124978348176,2019-06-01,travel_drop,203.95000000000002,80.58,163.99140090109512
213148039875802,2019-06-01,travel_drop,10056.440000000002,1082.46,10976.954654953712
213157767990030,2019-06-01,travel_drop,1755.2699999999998,78.03,2026.8429730799955
213180742685905,2019-06-01,travel_drop,3429.15,35.56,4076.5852287324847
340103199302564,2019-06-01,travel_drop,753.66,345.35,558.4189728027424
341546199006537,2019-06-01,travel_drop,3318.96,52.82,3927.1883193660137
343472729187663,2019-06-01,travel_drop,11872.21,19.200000000000003,14217.637614572148
343668971234893,2019-06-01,travel_drop,1281.0100000000002,756.89,779.2630290184451
345389171551808,2019-06-01,travel_drop,1064.5900000000001,27.139999999999997,1249.4879366771113
348379466427142,2019-06-01,travel_drop,325.06,18.59,371.2132830444225
371034293500716,2019-06-01,travel_drop,5258.81,23.8,6282.42470592149
372509258176510,2019-06-01,travel_drop,10489.27,2664.21,9914.242847903064
376656886990758,2019-06-01,travel_drop,309.75,31.28,340.1639393435362
377113842678100,2019-06-01,travel_drop,315.70000000000005,43.81,334.76902066425953
2233882705243596,2019-06-01,travel_drop,2249.7799999999997,530.1999999999999,2167.6761770986304
2235613922823698,2019-06-01,travel_drop,3654.9,78.13,4304.728608254045
2248348993063230,2019-06-01,travel_drop,8789.82,32.129999999999995,10508.387730171433
2252055259910912,2019-06-01,travel_drop,4754.29,2422.32,3278.8977768574027
2254917871818484,2019-06-01,travel_drop,1105.44,60.540000000000006,1265.074167257203
2264937662466770,2019-06-01,travel_drop,10858.61,439.06,12582.295526053642
2269768987945882,2019-06-01,travel_drop,1034.37,55.75,1184.638918607824
2286236465059468,2019-06-01,travel_drop,9474.49,1488.77,9872.78573485372
2291163933867244,2019-06-01,travel_drop,326.88,62.81,329.17577850723194
2297447006766555,2019-06-01,travel_drop,4131.3099999999995,78.14999999999999,4876.006774977705
2348245054386329,2019-06-01,travel_drop,394.6,40.65,432.543796497044
2358122155477959,2019-06-01,travel_drop,2677.8100000000004,787.46,2423.698338058159
2719496466799416,2019-06-01,travel_drop,4308.6900000000005,33.89,5132.976140468445
3500165543009955,2019-06-01,travel_drop,1716.41,24.840000000000003,2033.4330974290199
3506042666828517,2019-06-01,travel_drop,329.75,51.19,344.23740596781613
3513285035244624,2019-06-01,travel_drop,2042.69,12.16,2437.3793719375235
3523843138706408,2019-06-01,travel_drop,577.9799999999999,56.510000000000005,636.588201975067
3525590521269779,2019-06-01,travel_drop,8774.62,82.31,10439.980295536981
3531129874770000,2019-06-01,travel_drop,1531.3600000000001,58.349999999999994,1778.0160724878697
3534093764340240,2019-06-01,travel_drop,1367.49,16.869999999999997,1622.9875387018315
3538520143479972,2019-06-01,travel_drop,559.9199999999998,80.42999999999999,591.0111316133422
3551217896304745,2019-06-01,travel_drop,480.46,128.09,448.0648187150779
3554818239968984,2019-06-01,travel_drop,2786.37,1091.78,2249.5605948947505
3554849923339851,2019-06-01,travel_drop,274.44000000000005,30.43,298.6711290183699
3556613125071656,2019-06-01,travel_drop,6797.84,1197.8799999999999,6953.908437859771
3558652751678952,2019-06-01,travel_drop,961.12,71.65,1080.8994720963985
3559723917628303,2019-06-01,travel_drop,3875.95,1025.95,3621.985873118899
3560697798177746,2019-06-01,travel_drop,4279.64,29.470000000000002,5102.560155196678
3568255211412877,2019-06-01,travel_drop,1296.31,69.81,1484.690380986019
3576021480694169,2019-06-01,travel_drop,251.14,64.67999999999999,236.4803904010837
3576144910346950,2019-06-01,travel_drop,1917.1000000000001,13.25,2285.6851932703576
3591919803438423,2019-06-01,travel_drop,5868.25,36.27,7000.778900896549
3593118134380341,2019-06-01,travel_drop,574.2099999999999,44.44,644.1373185163902
3596357274378601,2019-06-01,travel_drop,226.36,58.46,212.9848752536008
4069975342931683,2019-06-01,travel_drop,3445.4,49.129999999999995,4082.501795364712
4147608975828480,2019-06-01,travel_drop,2480.23,66.45,2907.775671276897
4170689372027579,2019-06-01,travel_drop,1676.17,100.94,1909.0783625809686
4239552724014407,2019-06-01,travel_drop,1954.12,43.48,2299.8485899918996
4266200684857219,2019-06-01,travel_drop,447.73,19.15,517.7558755844437
4348786085525522,2019-06-01,travel_drop,2534.8900000000003,877.6,2162.172485561054
4377338765909719,2019-06-01,travel_drop,262.91999999999996,75.4,239.88665224278455
4446368897795790,2019-06-01,travel_drop,6050.51,2954.66,4300.950232243613
4450831335606294,2019-06-01,travel_drop,15088.78,2281.5099999999998,15812.552576555163
4492491748959010,2019-06-01,travel_drop,2001.95,0.0,2400.685050423865
4501449508569485,2019-06-01,travel_drop,1482.29,578.1,1199.4226371251984
4633065159406313,2019-06-01,travel_drop,11650.09,27.75,13942.727234242897
4658490815480264,2019-06-01,travel_drop,5237.21,77.09,6203.232561967267
4681601008538160,2019-06-01,travel_drop,1077.6200000000001,59.47,1232.7831651828296
4826655832045236,2019-06-01,travel_drop,325.4899999999999,50.69,339.6289275768444
4878364946692291,2019-06-01,travel_drop,221.09,10.559999999999999,254.565231798103
4969856774088583,2019-06-01,travel_drop,6401.37,547.6500000000001,7128.702187233355
5456776410929288,2019-06-01,travel_drop,1229.5900000000001,81.49,1393.001536327421
5501083170975659,2019-06-01,travel_drop,419.27,30.93,471.8474025780933
6011367958204270,2019-06-01,travel_drop,8995.04,3966.46,6820.1520812031695
6011388901471808,2019-06-01,travel_drop,630.3100000000002,145.93,609.9209423974958
6011860238257910,2019-06-01,travel_drop,734.93,106.91,774.3984563091042
6011893664860915,2019-06-01,travel_drop,8268.02,53.94,9860.849085943968
6011999606625827,2019-06-01,travel_drop,532.98,57.91,581.2254020704372
6502195877055606,2019-06-01,travel_drop,972.21,0.0,1165.848304339562
6526955903501879,2019-06-01,travel_drop,1106.6900000000003,30.53,1296.583133921221
6540981358631302,2019-06-01,travel_drop,334.69,41.89,359.4613222240133
6547670341037171,2019-06-01,travel_drop,3672.4999999999995,65.4,4338.564058883411
6550399784335736,2019-06-01,travel_drop,2292.95,12.35,2737.2944898071387
4044436772018844508,2019-06-01,travel_drop,631.06,13.04,743.7103223959061
4063094974360571498,2019-06-01,travel_drop,1307.6899999999998,50.330000000000005,1517.8169734952342
4102003771126577611,2019-06-01,travel_drop,8210.34,0.0,9845.620768199544
4560004149983868183,2019-06-01,travel_drop,709.8699999999999,37.59,813.6671726288813
4715741951931168360,2019-06-01,travel_drop,4038.5,58.58,4784.2814981077345
4761403817546679245,2019-06-01,travel_drop,622.9599999999999,39.89,707.1470184130727
4890424426862856940,2019-06-01,travel_drop,397.06,50.260000000000005,425.88376289183043
4956828990005111019,2019-06-01,travel_drop,2367.66,44.260000000000005,2794.9747293821365
4992346398065154184,2019-06-01,travel_drop,2802.53,95.52000000000001,3265.1992359271685
60490596305,2019-07-01,dining_cooling,5.0,0.0,308.30815819255986
501899453424,2019-07-01,dining_cooling,13.0,6.0,634.7374700151861
630451534402,2019-07-01,dining_cooling,16.0,8.0,652.2575485524052
630469040731,2019-07-01,dining_cooling,9.0,2.0,290.3232088496857
676372984911,2019-07-01,dining_cooling,13.0,4.0,343.2127725384978
4383521454815,2019-07-01,dining_cooling,4.0,1.0,115.42785272405958
4505383113689,2019-07-01,dining_cooling,8.0,1.0,424.44106785105345
30033162392091,2019-07-01,dining_cooling,7.0,4.0,257.11078708855825
30248898834493,2019-07-01,dining_cooling,5.0,1.0,99.11257892272923
30357372465631,2019-07-01,dining_cooling,4.0,0.0,246.40417707026398
30404291151692,2019-07-01,dining_cooling,8.0,3.0,493.0757709566268
38580485618059,2019-07-01,dining_cooling,5.0,2.0,95.97330678008777
180017442990269,2019-07-01,dining_cooling,5.0,2.0,393.4560591189479
213157767990030,2019-07-01,dining_cooling,12.0,5.0,346.1431275770401
213161231269724,2019-07-01,dining_cooling,8.0,3.0,243.73890037547517
341542810616333,2019-07-01,dining_cooling,6.0,3.0,91.5901058206192
342035762534413,2019-07-01,dining_cooling,10.0,2.0,328.1914087220704
370348764075623,2019-07-01,dining_cooling,7.0,4.0,298.1711854198344
376656886990758,2019-07-01,dining_cooling,7.0,2.0,378.29091559904646
378904938837132,2019-07-01,dining_cooling,11.0,4.0,169.80328465147784
2235613922823698,2019-07-01,dining_cooling,9.0,4.0,130.5498822731875
3500165543009955,2019-07-01,dining_cooling,5.0,1.0,192.58538767019826
3511058278399773,2019-07-01,dining_cooling,4.0,2.0,213.8434964507478
3547560454237873,2019-07-01,dining_cooling,11.0,3.0,681.7007138641615
3551512895305309,2019-07-01,dining_cooling,5.0,0.0,221.7614290797397
3560318482131952,2019-07-01,dining_cooling,8.0,4.0,0.0
3562264947797243,2019-07-01,dining_cooling,5.0,2.0,230.54194690876884
3567879740649740,2019-07-01,dining_cooling,11.0,5.0,225.20534969028645
3576281490078437,2019-07-01,dining_cooling,7.0,1.0,458.18003122850894
3577794103155425,2019-07-01,dining_cooling,7.0,2.0,231.54542508885126
3582754887089201,2019-07-01,dining_cooling,9.0,5.0,324.81619294225794
3592325941359225,2019-07-01,dining_cooling,4.0,1.0,458.71230959233253
3597337756918966,2019-07-01,dining_cooling,8.0,2.0,501.1770473811323
4155021259183870,2019-07-01,dining_cooling,9.0,3.0,62.54181091129095
4265776278887457,2019-07-01,dining_cooling,7.0,4.0,34.67097828496338
4509922033272157,2019-07-01,dining_cooling,6.0,2.0,165.90683316249874
4859525594182537,2019-07-01,dining_cooling,10.0,3.0,129.48595699824168
5154903938030655,2019-07-01,dining_cooling,5.0,2.0,223.32666409470363
5596347693144598,2019-07-01,dining_cooling,10.0,5.0,692.1050537249123
6011329966782895,2019-07-01,dining_cooling,6.0,2.0,401.62629167911456
6011948324228984,2019-07-01,dining_cooling,4.0,2.0,128.29336359192396
6502195877055606,2019-07-01,dining_cooling,6.0,2.0,290.8375167626373
6528911529051375,2019-07-01,dining_cooling,4.0,2.0,45.47489921157333
6539653032686894,2019-07-01,dining_cooling,5.0,0.0,285.9374366125094
6544734391390261,2019-07-01,dining_cooling,8.0,4.0,326.8637658683086
4018105808392773675,2019-07-01,dining_cooling,4.0,2.0,0.0
4220495028289516646,2019-07-01,dining_cooling,5.0,2.0,159.3159668174311
4855853415727304322,2019-07-01,dining_cooling,4.0,1.0,494.3847727172216
5154903938030655,2019-07-01,first_travel,0.0,4.19,4.19
502038091380,2019-07-01,travel_drop,3098.8500000000004,884.25,2663.863980252338
503848303379,2019-07-01,travel_drop,2003.3500000000001,39.64,2254.150968371661
580954173374,2019-07-01,travel_drop,2434.3100000000004,72.27,2714.960534962347
583699482621,2019-07-01,travel_drop,700.3800000000001,74.6,727.3194441451288
4149635823017,2019-07-01,travel_drop,3545.38,111.78999999999999,3947.5908488010173
4586260469584,2019-07-01,travel_drop,2990.22,188.86999999999998,3234.8650584991674
4623560839669,2019-07-01,travel_drop,6985.8,124.18,7874.404843811988
4642894980163,2019-07-01,travel_drop,1503.18,110.08,1611.0274988578697
30030380240193,2019-07-01,travel_drop,7117.449999999999,3431.82,4717.501150990527
38057513087029,2019-07-01,travel_drop,4429.639999999999,38.75,5033.0887826080525
180064817343047,2019-07-01,travel_drop,951.25,311.78,777.3799863546271
180069253480336,2019-07-01,travel_drop,228.03,48.31999999999999,212.769252760521
213113028819344,2019-07-01,travel_drop,3007.7999999999997,25.41,3418.4537655268828
213156747557083,2019-07-01,travel_drop,3053.9599999999996,108.47999999999999,3388.235933695218
213161869125933,2019-07-01,travel_drop,356.13999999999993,34.71,373.06233906999927
342952484382519,2019-07-01,travel_drop,8333.14,34.61,9506.649026219391
347073228412010,2019-07-01,travel_drop,4014.58,1884.5500000000002,2712.0543605987477
370348764075623,2019-07-01,travel_drop,1014.8699999999999,41.8,1120.203464233083
371009169330125,2019-07-01,travel_drop,2401.63,54.97,2694.8426654705527
371985236239474,2019-07-01,travel_drop,627.8699999999999,41.47,677.427114988152
378278619832195,2019-07-01,travel_drop,5718.08,63.08,6483.993781629084
2227671554547514,2019-07-01,travel_drop,231.85,8.3,257.1630673706389
2576709887791552,2019-07-01,travel_drop,737.46,281.14,563.2352152820849
3506040590383211,2019-07-01,travel_drop,4789.99,2549.06,2935.3714775703543
3511378610369890,2019-07-01,travel_drop,4866.53,84.41,5487.658066643241
3513618443244549,2019-07-01,travel_drop,705.1899999999999,65.04,742.386786625408
3519607465576254,2019-07-01,travel_drop,834.98,84.28,871.753435381221
3531606252458308,2019-07-01,travel_drop,359.53999999999996,28.970000000000002,382.69526306853356
3541554378551366,2019-07-01,travel_drop,1968.75,12.64,2241.534741798341
3549202406645667,2019-07-01,travel_drop,729.3100000000001,149.71,685.3336474620689
3564182536169293,2019-07-01,travel_drop,2540.9100000000003,32.459999999999994,2876.825152092863
3581130339108561,2019-07-01,travel_drop,8311.4,26.29,9490.077212181704
3583793405872580,2019-07-01,travel_drop,853.86,41.45,936.2006133495526
3597926034019603,2019-07-01,travel_drop,1975.1299999999999,19.37,2242.109699183826
4173950183554608,2019-07-01,travel_drop,4567.289999999999,41.32,5188.124955666359
4430881574719618,2019-07-01,travel_drop,2421.56,81.25,2691.382069967843
4482427013979020,2019-07-01,travel_drop,1538.62,22.130000000000003,1739.555506654356
4879265611163287,2019-07-01,travel_drop,1978.17,1084.04,1180.9204312295747
4908846471916297,2019-07-01,travel_drop,3690.09,45.050000000000004,4180.020564044516
6538441737335434,2019-07-01,travel_drop,17947.43,58.589999999999996,20490.8161644159
4210078554961359092,2019-07-01,travel_drop,797.54,64.30000000000001,848.8654722914789
4810839835482794272,2019-07-01,travel_drop,8242.41,32.85,9404.525204340858
4897067971111209737,2019-07-01,travel_drop,527.75,23.310000000000002,580.9519530077839
630441765090,2019-08-01,dining_cooling,9.0,3.0,604.2727390176027
639095706599,2019-08-01,dining_cooling,4.0,2.0,0.0
675945690716,2019-08-01,dining_cooling,15.0,3.0,277.64011060590263
676326610042,2019-08-01,dining_cooling,7.0,1.0,431.767102776918
4279161831637,2019-08-01,dining_cooling,7.0,3.0,167.8744758475159
4600155880464,2019-08-01,dining_cooling,6.0,3.0,395.5880117939276
4687263141103,2019-08-01,dining_cooling,4.0,0.0,94.14232748560534
4783226709001,2019-08-01,dining_cooling,13.0,4.0,452.80265909445086
30103132002433,2019-08-01,dining_cooling,5.0,2.0,320.0844628088506
30135235368675,2019-08-01,dining_cooling,10.0,3.0,191.01510751170778
30263540414123,2019-08-01,dining_cooling,9.0,2.0,198.96775862593648
30290551782700,2019-08-01,dining_cooling,14.0,7.0,652.9344433804517
30343344410970,2019-08-01,dining_cooling,12.0,5.0,576.5917687432823
30360260465747,2019-08-01,dining_cooling,4.0,0.0,491.8409166373615
30428204673351,2019-08-01,dining_cooling,11.0,5.0,337.74829778885305
30510856607165,2019-08-01,dining_cooling,5.0,2.0,366.00920302085484
30551643947183,2019-08-01,dining_cooling,18.0,8.0,669.0879591787248
180068353086472,2019-08-01,dining_cooling,5.0,2.0,161.48414746246462
180069253480336,2019-08-01,dining_cooling,9.0,4.0,564.0796854236904
213154573301411,2019-08-01,dining_cooling,6.0,2.0,268.96917464081423
345060451158891,2019-08-01,dining_cooling,6.0,3.0,451.8167156386098
345933964507467,2019-08-01,dining_cooling,19.0,6.0,667.5433654144887
371226440126102,2019-08-01,dining_cooling,13.0,6.0,607.0081066482488
374821819075109,2019-08-01,dining_cooling,5.0,2.0,389.4008102266729
2222001896600109,2019-08-01,dining_cooling,8.0,2.0,407.2864393075479
2285066385084291,2019-08-01,dining_cooling,11.0,5.0,21.16930467511554
3514865930894695,2019-08-01,dining_cooling,16.0,7.0,555.1924312915687
3533742182628021,2019-08-01,dining_cooling,19.0,9.0,140.6063097841244
3560246577314524,2019-08-01,dining_cooling,4.0,2.0,296.785161458201
3560725013359375,2019-08-01,dining_cooling,10.0,4.0,232.91137117103432
3560797065840735,2019-08-01,dining_cooling,9.0,4.0,77.22620633803155
3572976568630035,2019-08-01,dining_cooling,4.0,1.0,140.59337855382577
3593399694467427,2019-08-01,dining_cooling,4.0,1.0,630.4422575358511
4348786085525522,2019-08-01,dining_cooling,5.0,2.0,214.30895558071137
4384910379661778,2019-08-01,dining_cooling,16.0,5.0,865.6587671026875
4474324669797121,2019-08-01,dining_cooling,8.0,1.0,210.42010201413095
4488941175228467,2019-08-01,dining_cooling,8.0,3.0,295.04748219420264
4635330563105903,2019-08-01,dining_cooling,7.0,3.0,397.1813576718271
4951647200979051,2019-08-01,dining_cooling,11.0,4.0,220.76986127325517
5289285402893489,2019-08-01,dining_cooling,5.0,0.0,91.96957001102398
6011381817520024,2019-08-01,dining_cooling,7.0,2.0,161.5212725317052
6011382886333463,2019-08-01,dining_cooling,4.0,1.0,189.19665023642096
6011999606625827,2019-08-01,dining_cooling,10.0,4.0,463.89522732093184
6538891242532018,2019-08-01,dining_cooling,21.0,9.0,506.58270184444655
4210078554961359092,2019-08-01,dining_cooling,7.0,3.0,85.52587309588068
4301028321766222513,2019-08-01,dining_cooling,12.0,5.0,449.3779164287285
4358137750029944984,2019-08-01,dining_cooling,7.0,2.0,53.72822763023644
4390966588600992777,2019-08-01,dining_cooling,5.0,2.0,651.7098823424785
4469777115158234880,2019-08-01,dining_cooling,13.0,5.0,476.38490138959844
4497451418073897078,2019-08-01,dining_cooling,8.0,3.0,402.3027347217168
4661996144291811856,2019-08-01,dining_cooling,6.0,1.0,254.1231093825735
4736845434667908128,2019-08-01,dining_cooling,12.0,5.0,361.24155121581316
4810789809665942990,2019-08-01,dining_cooling,9.0,2.0,182.83445948438467
60416207185,2019-08-01,travel_drop,268.13,17.740000000000002,291.80485565433025
60427851591,2019-08-01,travel_drop,1610.4700000000003,478.84,1380.3801681483958
639030014711,2019-08-01,travel_drop,3765.04,1523.8400000000001,2822.74099926446
4066595222529,2019-08-01,travel_drop,1516.0500000000002,62.059999999999995,1688.1562324795714
4600155880464,2019-08-01,travel_drop,775.48,12.74,882.519182720397
30074693890476,2019-08-01,travel_drop,552.6,62.67,575.2835569857268
30135235368675,2019-08-01,travel_drop,297.15999999999997,26.31,316.7487748712967
30143535920989,2019-08-01,travel_drop,4287.759999999999,34.19,4915.849347631414
30238755902988,2019-08-01,travel_drop,251.65000000000003,50.830000000000005,239.6893858404961
30546453310167,2019-08-01,travel_drop,6184.95,58.4,7081.865747880693
36721445180895,2019-08-01,travel_drop,1324.68,45.06,1484.2275820989007
213195754007681,2019-08-01,travel_drop,1635.81,37.58,1850.894136903405
340953839692349,2019-08-01,travel_drop,241.3,68.0,210.57074430086112
342351256941125,2019-08-01,travel_drop,264.31,35.57,269.56482563680316
344342339068828,2019-08-01,travel_drop,1005.8199999999999,71.43,1089.7470660285624
374125201044065,2019-08-01,travel_drop,1642.9199999999998,108.5,1788.1823341349802
376262134119629,2019-08-01,travel_drop,1175.66,58.92,1298.3302330905528
376445266762684,2019-08-01,travel_drop,1069.91,85.43,1149.7362869247177
2706977570537524,2019-08-01,travel_drop,6407.33,3471.6000000000004,3925.3941445554765
2713913904780408,2019-08-01,travel_drop,344.39,72.26,325.32383186810426
3512365128314616,2019-08-01,travel_drop,522.7,21.490000000000002,581.9452592045592
3514897282719543,2019-08-01,travel_drop,2501.1,340.92999999999995,2546.4852033604798
3518669219150142,2019-08-01,travel_drop,4176.37,187.18,4634.264257670067
3518758680062249,2019-08-01,travel_drop,205.31000000000003,89.21000000000001,147.81179657028514
3540017235499519,2019-08-01,travel_drop,2393.83,919.78,1843.796480852592
3577663406369449,2019-08-01,travel_drop,1737.8999999999999,16.55,1989.7827663508767
3582754887089201,2019-08-01,travel_drop,7972.13,220.18000000000004,8983.310210373907
4171397999167005,2019-08-01,travel_drop,784.4100000000001,10.799999999999999,894.7684937299566
4302480582202074,2019-08-01,travel_drop,215.23000000000002,109.38,139.09402111841834
4306586894261180,2019-08-01,travel_drop,5748.79,3127.3800000000006,3509.3572943611575
4308156300921054,2019-08-01,travel_drop,2931.34,560.5,2823.609264810967
4873783502705038,2019-08-01,travel_drop,3018.29,43.42,3441.069398325098
5359543825610251,2019-08-01,travel_drop,2616.6499999999996,64.06,2956.7528391000756
5596347693144598,2019-08-01,travel_drop,4175.68,76.16,4744.487681567426
6011382886333463,2019-08-01,travel_drop,2947.69,51.84,3351.144655069231
6011917798331152,2019-08-01,travel_drop,3052.3500000000004,72.34,3451.4702418845154
6517217825320610,2019-08-01,travel_drop,1310.4300000000003,40.26,1472.5765538921573
6573561108825071,2019-08-01,travel_drop,346.4000000000001,38.760000000000005,361.1442926888451
6595970453799027,2019-08-01,travel_drop,605.46,28.060000000000002,670.9182131968478
4355790796238264643,2019-08-01,travel_drop,2019.72,470.65000000000003,1861.032153664879
4646845581490336108,2019-08-01,travel_drop,264.23,88.07,216.97246898722148
60495593109,2019-09-01,dining_cooling,6.0,2.0,173.5381211290914
501831082224,2019-09-01,dining_cooling,8.0,1.0,551.2085500183446
567868110212,2019-09-01,dining_cooling,19.0,8.0,784.0531097632372
568279015842,2019-09-01,dining_cooling,10.0,4.0,241.0861297159317
571844099986,2019-09-01,dining_cooling,14.0,3.0,1257.4615467397325
581508178315,2019-09-01,dining_cooling,5.0,2.0,127.31163894678497
630425673344,2019-09-01,dining_cooling,6.0,2.0,213.57472192688692
639046421587,2019-09-01,dining_cooling,8.0,3.0,208.59474946722557
676118385837,2019-09-01,dining_cooling,4.0,1.0,121.51049361061018
4198470814557,2019-09-01,dining_cooling,13.0,5.0,482.71489261765913
4481131401752,2019-09-01,dining_cooling,10.0,2.0,288.5012416649102
4623560839669,2019-09-01,dining_cooling,14.0,2.0,496.0541244701527
4658117080136,2019-09-01,dining_cooling,8.0,2.0,162.18812782682687
4981132848794,2019-09-01,dining_cooling,6.0,2.0,393.3416564092956
4988304376504,2019-09-01,dining_cooling,10.0,3.0,440.3187539479949
30026790933302,2019-09-01,dining_cooling,20.0,6.0,633.1497578198789
30029052116970,2019-09-01,dining_cooling,12.0,5.0,72.72754633380953
30143535920989,2019-09-01,dining_cooling,10.0,4.0,132.80750952748951
30150717898388,2019-09-01,dining_cooling,4.0,1.0,88.74310707789823
30371006069917,2019-09-01,dining_cooling,6.0,2.0,205.52198233452762
30427035050508,2019-09-01,dining_cooling,7.0,2.0,205.22412760044645
36360452125889,2019-09-01,dining_cooling,5.0,0.0,341.73770650960546
213112402583773,2019-09-01,dining_cooling,22.0,8.0,503.9250593662911
213124978348176,2019-09-01,dining_cooling,12.0,5.0,462.0623433096805
213161869125933,2019-09-01,dining_cooling,8.0,3.0,299.6418465687766
213178765398315,2019-09-01,dining_cooling,16.0,6.0,0.0
340103199302564,2019-09-01,dining_cooling,10.0,1.0,652.5303656666899
344709867813900,2019-09-01,dining_cooling,14.0,5.0,185.20046005948342
346208242862904,2019-09-01,dining_cooling,5.0,0.0,179.32174416680326
349612764943496,2019-09-01,dining_cooling,16.0,6.0,463.4162121495984
371683116218417,2019-09-01,dining_cooling,4.0,1.0,289.6244263600384
375848982312810,2019-09-01,dining_cooling,7.0,2.0,174.23642503298126
2231186809828225,2019-09-01,dining_cooling,5.0,0.0,235.7607891774587
2268221587779419,2019-09-01,dining_cooling,5.0,1.0,246.4386988673177
3513285035244624,2019-09-01,dining_cooling,5.0,1.0,166.88259068093646
3513506355699497,2019-09-01,dining_cooling,8.0,3.0,340.8691517294677
3526826139003047,2019-09-01,dining_cooling,9.0,3.0,215.86299528504406
3535808924394848,2019-09-01,dining_cooling,17.0,5.0,595.9643632623747
3537797820923602,2019-09-01,dining_cooling,4.0,0.0,193.78492911173038
3540075240003197,2019-09-01,dining_cooling,18.0,6.0,545.1086320148628
3543591270174051,2019-09-01,dining_cooling,16.0,6.0,250.46490607557968
3559679414981506,2019-09-01,dining_cooling,7.0,2.0,75.69697210057532
3577578023716568,2019-09-01,dining_cooling,15.0,3.0,835.784247839629
3583293909206278,2019-09-01,dining_cooling,8.0,2.0,0.0
3592931352252641,2019-09-01,dining_cooling,5.0,2.0,362.8457390068929
4260059589824237,2019-09-01,dining_cooling,4.0,0.0,210.8747422074424
4378993458389626,2019-09-01,dining_cooling,9.0,2.0,87.80679514921583
4451952084362894,2019-09-01,dining_cooling,13.0,5.0,359.49913489145445
4555104582813474,2019-09-01,dining_cooling,5.0,1.0,171.9740352763011
4826655832045236,2019-09-01,dining_cooling,13.0,5.0,0.0
6011149206456997,2019-09-01,dining_cooling,4.0,0.0,185.52025200034345
6011252220172077,2019-09-01,dining_cooling,14.0,3.0,158.252152026104
6011477612335392,2019-09-01,dining_cooling,4.0,0.0,123.90323620836355
4044436772018844508,2019-09-01,dining_cooling,6.0,1.0,256.4631856318743
4373370572092720777,2019-09-01,dining_cooling,5.0,1.0,48.85575472081059
4410582919485061752,2019-09-01,dining_cooling,6.0,2.0,160.0542091598166
4477156602511939689,2019-09-01,dining_cooling,5.0,2.0,139.10305643895924
4497913965512794052,2019-09-01,dining_cooling,6.0,1.0,205.35768259915847
4584931703207308232,2019-09-01,dining_cooling,9.0,1.0,521.5938423612248
4653178848915023204,2019-09-01,dining_cooling,7.0,2.0,256.2747832681513
4666314527820883145,2019-09-01,dining_cooling,4.0,0.0,203.27090466265423
4855488158131690372,2019-09-01,dining_cooling,16.0,3.0,618.1399884155718
4958589671582726883,2019-09-01,dining_cooling,14.0,1.0,779.0476160589524
502012776709,2019-09-01,travel_drop,1187.24,157.68,1179.7745087805968
584673555952,2019-09-01,travel_drop,2065.09,39.18,2287.1937168034456
630425673344,2019-09-01,travel_drop,11406.11,78.0,12771.258150961434
675990301623,2019-09-01,travel_drop,542.98,42.239999999999995,569.4400724181197
4220345354880,2019-09-01,travel_drop,2449.52,30.39,2729.053388319335
4427805710168,2019-09-01,travel_drop,1196.4700000000003,627.77,720.0823265057788
4471568287204,2019-09-01,travel_drop,2150.3099999999995,74.09,2348.2861032108117
4806443445305,2019-09-01,travel_drop,1885.94,1.55,2123.006918811427
4990494243023,2019-09-01,travel_drop,4413.48,92.13,4879.761719798008
30153452207526,2019-09-01,travel_drop,454.26000000000005,88.5,423.2348515537498
30248898834493,2019-09-01,travel_drop,957.31,26.95,1051.4828154381194
30446018552504,2019-09-01,travel_drop,648.37,20.799999999999997,709.6044505391291
30596478689301,2019-09-01,travel_drop,555.3,6.36,619.1988497067697
180040027502291,2019-09-01,travel_drop,478.52000000000004,7.9,531.1643269614326
180065479077096,2019-09-01,travel_drop,666.55,68.96000000000001,681.9246592329324
180067784565096,2019-09-01,travel_drop,1542.6299999999999,62.69,1675.1199195446682
213161231269724,2019-09-01,travel_drop,337.46999999999997,67.63,312.5380983442168
213198837352314,2019-09-01,travel_drop,2573.77,1103.16,1796.2540115429367
213199865312311,2019-09-01,travel_drop,378.11,64.52000000000001,361.430039010673
341542810616333,2019-09-01,travel_drop,307.51000000000005,53.349999999999994,293.0674353922723
342319985983023,2019-09-01,travel_drop,7718.91,2434.7,6260.838376715438
370612217861404,2019-09-01,travel_drop,661.39,25.32,719.7517947191797
2264937662466770,2019-09-01,travel_drop,439.06,136.23,358.3816847690516
3502377050801561,2019-09-01,travel_drop,381.23,116.25,313.21479429805845
3513506355699497,2019-09-01,travel_drop,249.01,71.17,209.34577375379564
3517814635263522,2019-09-01,travel_drop,663.2700000000002,110.14000000000001,637.0496600846558
3530503964418806,2019-09-01,travel_drop,328.93,28.160000000000004,342.3875822691298
3536918668124647,2019-09-01,travel_drop,1743.96,405.22,1559.3930227527792
3543299015720986,2019-09-01,travel_drop,2683.47,19.310000000000002,3003.6837086667124
3552581383553463,2019-09-01,travel_drop,206.74999999999997,63.260000000000005,169.6488639958124
3565196229855512,2019-09-01,travel_drop,8024.719999999999,37.74,9002.300721085736
3567879740649740,2019-09-01,travel_drop,1248.11,61.53,1344.4960326085295
3572976568630035,2019-09-01,travel_drop,235.09999999999997,14.15,250.69582309753568
3579200383632826,2019-09-01,travel_drop,2966.96,1061.38,2280.9720344426396
3597337756918966,2019-09-01,travel_drop,2526.3500000000004,13.99,2832.0042372712014
3598215285024754,2019-09-01,travel_drop,2306.5699999999997,133.92,2464.486763854032
3598304579370089,2019-09-01,travel_drop,393.64,182.85000000000002,260.59495875846
4060579726528237,2019-09-01,travel_drop,2322.53,89.94,2526.4460889779652
4099707841315751,2019-09-01,travel_drop,393.7,217.00000000000006,226.5125502062943
4128027264554082,2019-09-01,travel_drop,2788.41,73.54,3067.6711509289644
4169759661243568,2019-09-01,travel_drop,2215.94,75.38,2420.9298819002693
4191109180926792,2019-09-01,travel_drop,318.49,17.78,341.0066703459555
4302475216404898,2019-09-01,travel_drop,6956.150000000001,35.85,7800.420830880149
4342532437704183,2019-09-01,travel_drop,511.77,168.26,408.26125430295974
4365382885912355,2019-09-01,travel_drop,4851.72,2021.69,3443.889654779992
4428154703770710,2019-09-01,travel_drop,754.53,49.93000000000001,800.066252240679
4451952084362894,2019-09-01,travel_drop,8029.700000000001,3051.4799999999996,5994.170811255988
4698163635895795,2019-09-01,travel_drop,526.4499999999999,7.28,585.7786285397603
4707867759656333,2019-09-01,travel_drop,1462.2800000000002,35.74,1611.5537056531882
4716561796955522,2019-09-01,travel_drop,401.03999999999996,55.33,396.45123732469466
4800395067176717,2019-09-01,travel_drop,5011.41,35.46,5610.014293191073
4996263498048679,2019-09-01,travel_drop,1186.5500000000002,21.189999999999998,1315.4872071305022
5130484058948421,2019-09-01,travel_drop,5453.24,2951.2,3192.00644980181
5540636818935089,2019-09-01,travel_drop,25153.549999999996,100.57,28235.511044555587
6011399591920186,2019-09-01,travel_drop,2571.05,10.98,2885.3698659077804
6011552879910390,2019-09-01,travel_drop,4840.33,1550.81,3901.9385449327733
6511349151405438,2019-09-01,travel_drop,2618.8,105.5,2844.6413931426055
6596735789587928,2019-09-01,travel_drop,668.94,41.87,711.7070519050002
6597888193422452,2019-09-01,travel_drop,1248.39,104.68,1301.6614593650897
4045036286570100739,2019-09-01,travel_drop,3948.9799999999996,19.15,4429.4712611472
4312133045694601139,2019-09-01,travel_drop,2297.6400000000003,18.900000000000002,2569.446903368022
4488258847705225890,2019-09-01,travel_drop,982.75,77.66999999999999,1029.4215893198775
4502539526809429801,2019-09-01,travel_drop,13559.279999999999,1368.95,13905.906113185682
4661996144291811856,2019-09-01,travel_drop,808.71,36.83,874.2013296350834
4756039869079882102,2019-09-01,travel_drop,479.09999999999997,24.240000000000002,515.4777109571644
4769426683924058915,2019-09-01,travel_drop,985.56,75.78,1034.4771221267856
501802953619,2019-10-01,dining_cooling,6.0,2.0,0.0
502012776709,2019-10-01,dining_cooling,9.0,3.0,324.57917739514335
4149635823017,2019-10-01,dining_cooling,13.0,4.0,0.0
4396682467723,2019-10-01,dining_cooling,5.0,1.0,317.0327110651986
4476840372112,2019-10-01,dining_cooling,13.0,2.0,370.0646808710731
4505383113689,2019-10-01,dining_cooling,9.0,2.0,388.300043329935
4613314721966,2019-10-01,dining_cooling,6.0,1.0,209.21664026127146
30407675418785,2019-10-01,dining_cooling,11.0,2.0,383.70902691154373
30487648872433,2019-10-01,dining_cooling,8.0,2.0,0.0
180048185037117,2019-10-01,dining_cooling,20.0,6.0,437.83121708208284
180081032825079,2019-10-01,dining_cooling,4.0,1.0,154.45296062228005
213125815021702,2019-10-01,dining_cooling,9.0,3.0,235.79248759713096
213153151785052,2019-10-01,dining_cooling,11.0,4.0,265.33318739989704
213175487106448,2019-10-01,dining_cooling,7.0,1.0,254.84491857630607
341546199006537,2019-10-01,dining_cooling,10.0,2.0,287.5998028021807
370818583810103,2019-10-01,dining_cooling,6.0,2.0,118.81879089845303
375534208663984,2019-10-01,dining_cooling,20.0,3.0,750.0065435232827
377654590313960,2019-10-01,dining_cooling,10.0,3.0,28.79958192557632
378858024506425,2019-10-01,dining_cooling,9.0,0.0,578.1972030746053
2248735346244816,2019-10-01,dining_cooling,8.0,3.0,94.58367417518343
2318062975163331,2019-10-01,dining_cooling,6.0,1.0,210.73780408477126
2358122155477959,2019-10-01,dining_cooling,4.0,1.0,318.5501943005627
2657850734909997,2019-10-01,dining_cooling,6.0,1.0,326.1527847677529
3508104404056005,2019-10-01,dining_cooling,10.0,3.0,103.28128585768066
3534718226968689,2019-10-01,dining_cooling,12.0,3.0,322.60374218287154
3551512895305309,2019-10-01,dining_cooling,4.0,1.0,136.2865850545762
3557442674264531,2019-10-01,dining_cooling,7.0,1.0,90.92178068823809
3575789281659026,2019-10-01,dining_cooling,20.0,7.0,410.1899177302349
3592325941359225,2019-10-01,dining_cooling,4.0,0.0,132.69300328395238
3598014571045296,2019-10-01,dining_cooling,7.0,1.0,250.291605064769
3599237318576484,2019-10-01,dining_cooling,5.0,1.0,121.42049670393439
4178097073221156,2019-10-01,dining_cooling,10.0,3.0,0.0
4428154703770710,2019-10-01,dining_cooling,5.0,1.0,115.2241848852249
4610050989831291,2019-10-01,dining_cooling,12.0,2.0,419.78792729915455
4657269323674365,2019-10-01,dining_cooling,9.0,1.0,624.8966155835183
4670613943676271,2019-10-01,dining_cooling,6.0,1.0,203.11309024961577
4710792708725663,2019-10-01,dining_cooling,9.0,1.0,324.4672402973814
4789911625179723,2019-10-01,dining_cooling,4.0,1.0,63.96520107255811
4917187576956394,2019-10-01,dining_cooling,6.0,0.0,260.5018389734245
6011388901471808,2019-10-01,dining_cooling,13.0,3.0,386.90135930426493
6502195877055606,2019-10-01,dining_cooling,4.0,1.0,104.11460149856451
6506982560413523,2019-10-01,dining_cooling,7.0,2.0,310.7232532782383
6523180720198790,2019-10-01,dining_cooling,7.0,2.0,205.47568782293268
6540981358631302,2019-10-01,dining_cooling,9.0,2.0,365.3708168352555
6592861994408652,2019-10-01,dining_cooling,16.0,1.0,497.928588723854
4689147265057948423,2019-10-01,dining_cooling,11.0,3.0,542.644690568663
4715741951931168360,2019-10-01,dining_cooling,6.0,2.0,222.6039433834146
4792627764422477317,2019-10-01,dining_cooling,16.0,6.0,371.6431075154488
568279015842,2019-10-01,travel_drop,5098.45,1466.35,2998.0173743294868
571844099986,2019-10-01,travel_drop,296.03000000000003,121.66,137.5534224759992
581508178315,2019-10-01,travel_drop,3532.94,0.0,3093.556290924422
630423337322,2019-10-01,travel_drop,500.15999999999997,61.88000000000001,376.0762388460485
675909898057,2019-10-01,travel_drop,489.56,10.48,418.1945367271903
675961917837,2019-10-01,travel_drop,14461.24,12.979999999999999,12649.74848578461
676173792455,2019-10-01,travel_drop,415.43999999999994,16.59,347.18267247721207
4189814094741,2019-10-01,travel_drop,1206.97,17.82,1039.0418873960637
4198470814557,2019-10-01,travel_drop,746.35,35.120000000000005,618.4081487179069
4247921790666,2019-10-01,travel_drop,2465.27,955.98,1202.6899794865603
4393520897625,2019-10-01,travel_drop,6823.6,2827.5199999999995,3147.444394173659
4538566639857,2019-10-01,travel_drop,450.44,50.519999999999996,343.89980211495146
4561892980175,2019-10-01,travel_drop,1434.4199999999996,36.879999999999995,1219.1444484276008
30118423745458,2019-10-01,travel_drop,351.75000000000006,41.07,266.93365285928024
30150717898388,2019-10-01,travel_drop,2529.7400000000002,49.52,2165.6019922792766
30404291151692,2019-10-01,travel_drop,446.27000000000004,35.330000000000005,355.4384155266837
30407675418785,2019-10-01,travel_drop,10963.800000000001,47.3,9552.957140635612
30501624614310,2019-10-01,travel_drop,548.69,40.510000000000005,439.94067316946257
36078114201167,2019-10-01,travel_drop,2444.85,221.06,1919.7295684236278
36913587729122,2019-10-01,travel_drop,3428.25,57.17,2944.7163480165664
38588538868506,2019-10-01,travel_drop,1385.7299999999998,24.06,1189.3299129401287
38859492057661,2019-10-01,travel_drop,1078.7,228.14,716.4045354351259
213102873001603,2019-10-01,travel_drop,3961.7400000000002,58.86,3410.1674106004966
340103199302564,2019-10-01,travel_drop,639.4300000000001,53.5,506.4055458359902
343746486082492,2019-10-01,travel_drop,3539.0800000000004,386.89,2712.0426730951567
344709867813900,2019-10-01,travel_drop,1230.9799999999998,94.64000000000001,983.2458183275527
348789608637806,2019-10-01,travel_drop,1189.9499999999998,64.82,977.1386260693687
372246459334925,2019-10-01,travel_drop,852.3500000000001,57.05,689.295169906489
373905417449658,2019-10-01,travel_drop,320.31999999999994,24.18,256.3025304445902
374497717543058,2019-10-01,travel_drop,4731.59,58.95,4084.182917789457
375248307838179,2019-10-01,travel_drop,6600.68,84.69999999999999,5695.068447349519
377113842678100,2019-10-01,travel_drop,223.03,32.66,162.63226637442858
378006354724784,2019-10-01,travel_drop,3813.75,1441.7900000000002,1897.6525901693806
2712209726293386,2019-10-01,travel_drop,7614.97,20.840000000000003,6647.073507928451
3514865930894695,2019-10-01,travel_drop,3495.2599999999998,91.88,2968.6824667887063
3533742182628021,2019-10-01,travel_drop,1730.86,80.5,1435.0968801364993
3545109339866548,2019-10-01,travel_drop,1923.14,96.52000000000001,1587.4434540434856
3546897637165774,2019-10-01,travel_drop,10127.689999999999,153.8,8714.332238881032
3554818239968984,2019-10-01,travel_drop,1534.92,0.0,1344.025492101681
3567527758368741,2019-10-01,travel_drop,4651.150000000001,2.0,4070.6970575591786
3576281490078437,2019-10-01,travel_drop,1725.42,506.01,1004.8234405585195
3585052663373890,2019-10-01,travel_drop,14514.07,40.15,12668.83813889209
3585740823295298,2019-10-01,travel_drop,4890.4,90.31,4191.88207944001
4003989662068504,2019-10-01,travel_drop,9094.220000000001,147.23,7815.962551260621
4254074738931278,2019-10-01,travel_drop,2514.25,54.38000000000001,2147.178448333888
4501449508569485,2019-10-01,travel_drop,1588.52,619.14,771.8193820611904
4509142395811241,2019-10-01,travel_drop,4592.290000000001,95.61000000000001,3925.547341831255
4550599031376731,2019-10-01,travel_drop,1383.82,40.84,1170.8774552941836
4839615922685395,2019-10-01,travel_drop,2921.92,73.98,2484.547458031522
4961003488432306,2019-10-01,travel_drop,3225.0,35.39,2788.5240880488377
5104807169438134,2019-10-01,travel_drop,350.63999999999993,1.95,305.0817010336261
5501083170975659,2019-10-01,travel_drop,1536.9900000000002,558.2700000000001,787.5680509116847
5559857416065248,2019-10-01,travel_drop,1091.5800000000002,31.45,924.372679141814
6011109736646996,2019-10-01,travel_drop,2911.6499999999996,75.77,2473.7647145635337
6011626928491360,2019-10-01,travel_drop,643.85,46.510000000000005,517.265840493099
6501313409525696,2019-10-01,travel_drop,206.44,3.96,176.80552692614015
6528911529051375,2019-10-01,travel_drop,6139.440000000001,30.340000000000003,5345.551816660638
4503101193493052864,2019-10-01,travel_drop,10042.91,24.340000000000003,8769.556134575674
4666314527820883145,2019-10-01,travel_drop,3045.92,500.21,2166.895860176656
502038091380,2019-11-01,dining_cooling,11.0,4.0,439.8823210157994
561942763351,2019-11-01,dining_cooling,8.0,3.0,347.8823696305202
676308307625,2019-11-01,dining_cooling,5.0,2.0,128.78793984913978
4079773899158,2019-11-01,dining_cooling,11.0,3.0,501.0632274454099
4561892980175,2019-11-01,dining_cooling,8.0,3.0,420.2311724317807
4586260469584,2019-11-01,dining_cooling,11.0,4.0,165.83888761456086
4809701904914,2019-11-01,dining_cooling,9.0,2.0,382.1603548095394
30153452207526,2019-11-01,dining_cooling,7.0,3.0,255.07901033418557
30175986190993,2019-11-01,dining_cooling,10.0,3.0,488.80074623759623
30290551782700,2019-11-01,dining_cooling,5.0,1.0,137.38392155947832
30373802285317,2019-11-01,dining_cooling,4.0,1.0,416.9066920386449
38014427445058,2019-11-01,dining_cooling,6.0,2.0,321.3113088553537
38544312728630,2019-11-01,dining_cooling,4.0,1.0,11.277655505048926
180072527505094,2019-11-01,dining_cooling,10.0,3.0,593.7698394533716
213102873001603,2019-11-01,dining_cooling,7.0,3.0,22.15362814941153
213120463918358,2019-11-01,dining_cooling,7.0,1.0,220.45119848654633
213141712584544,2019-11-01,dining_cooling,15.0,7.0,535.7294743693703
213198837352314,2019-11-01,dining_cooling,4.0,1.0,161.21731183784058
341283058448499,2019-11-01,dining_cooling,5.0,2.0,0.0
343668971234893,2019-11-01,dining_cooling,12.0,5.0,603.8266504928656
371009169330125,2019-11-01,dining_cooling,9.0,4.0,247.4963877755368
371284424780634,2019-11-01,dining_cooling,6.0,2.0,336.3019284445805
372382441451095,2019-11-01,dining_cooling,7.0,2.0,485.8919547886357
377264520876399,2019-11-01,dining_cooling,5.0,1.0,403.4003767255912
2288813824604479,2019-11-01,dining_cooling,7.0,3.0,230.93710309642944
2296006538441789,2019-11-01,dining_cooling,12.0,5.0,360.0066946795829
2348245054386329,2019-11-01,dining_cooling,8.0,3.0,829.426825256697
3506040590383211,2019-11-01,dining_cooling,9.0,2.0,404.54025793471135
3513618443244549,2019-11-01,dining_cooling,13.0,1.0,602.1704646790881
3540017235499519,2019-11-01,dining_cooling,5.0,1.0,258.0567711361349
3560725013359375,2019-11-01,dining_cooling,11.0,5.0,456.83128329984663
3587044315915002,2019-11-01,dining_cooling,9.0,4.0,327.26057226231273
3595111028444131,2019-11-01,dining_cooling,4.0,1.0,51.81568680249595
4005676619255478,2019-11-01,dining_cooling,15.0,6.0,300.72114359143245
4025612008285111,2019-11-01,dining_cooling,7.0,3.0,196.78168414849318
4169759661243568,2019-11-01,dining_cooling,9.0,3.0,426.01369632853596
4344955088481397,2019-11-01,dining_cooling,9.0,4.0,317.1763531540539
4634955908138648,2019-11-01,dining_cooling,14.0,2.0,514.604093827017
4671727014157745,2019-11-01,dining_cooling,8.0,2.0,192.99584857160698
4725673654161314,2019-11-01,dining_cooling,4.0,1.0,234.8898449452166
4839043708100390,2019-11-01,dining_cooling,7.0,0.0,59.222680883249026
4914700582394237,2019-11-01,dining_cooling,5.0,0.0,200.10284643646008
4952583804639909,2019-11-01,dining_cooling,9.0,3.0,751.0533246095275
4961003488432306,2019-11-01,dining_cooling,5.0,2.0,157.60371545900503
5596347693144598,2019-11-01,dining_cooling,8.0,2.0,343.8876113183315
6011492816282597,2019-11-01,dining_cooling,8.0,3.0,195.96224691089552
6011603272871604,2019-11-01,dining_cooling,11.0,2.0,688.8479628430294
6011893664860915,2019-11-01,dining_cooling,15.0,7.0,580.9806330178822
6011917798331152,2019-11-01,dining_cooling,5.0,1.0,261.6458352222724
6011975266774121,2019-11-01,dining_cooling,4.0,1.0,42.22041727285344
6517217825320610,2019-11-01,dining_cooling,9.0,4.0,0.0
6526777409109795,2019-11-01,dining_cooling,9.0,1.0,722.9451127671142
4063094974360571498,2019-11-01,dining_cooling,5.0,1.0,245.3360541728216
4089096483689733451,2019-11-01,dining_cooling,7.0,2.0,189.39726750647833
4092452671396169678,2019-11-01,dining_cooling,13.0,4.0,702.6006880576408
4292902571056973207,2019-11-01,dining_cooling,12.0,1.0,313.508589421877
4736845434667908128,2019-11-01,dining_cooling,9.0,3.0,313.3207049017857
4798937978667559470,2019-11-01,dining_cooling,4.0,0.0,117.21509833994179
501831082224,2019-11-01,travel_drop,215.45,21.82,142.74780742591975
502049568400,2019-11-01,travel_drop,8196.1,19.6,6240.851178665958
565399283797,2019-11-01,travel_drop,2843.2599999999998,968.2,1203.575651621353
583699482621,2019-11-01,travel_drop,6476.52,59.18000000000001,4887.799327686785
630441765090,2019-11-01,travel_drop,3009.08,80.18,2218.254430119223
676102124465,2019-11-01,travel_drop,1004.76,49.14,718.3287871397871
676275912597,2019-11-01,travel_drop,3069.87,489.98,1854.8878346837237
4169388510116,2019-11-01,travel_drop,3699.8999999999996,46.21000000000001,2779.8955033425873
4601636330889,2019-11-01,travel_drop,3109.17,21.12,2353.7664693174606
4640395708703,2019-11-01,travel_drop,326.61,115.02000000000001,134.45547729579786
4687263141103,2019-11-01,travel_drop,1008.33,18.3,751.8956707439205
30343344410970,2019-11-01,travel_drop,1179.49,65.77000000000001,835.1633171538551
213161293389774,2019-11-01,travel_drop,3875.1999999999994,631.6,2328.4054181337856
213161869125933,2019-11-01,travel_drop,432.14,107.41,222.672767700334
341546199006537,2019-11-01,travel_drop,204.5,77.25999999999999,78.94383670735942
342035762534413,2019-11-01,travel_drop,214.28,2.32,161.35412288338864
346273234529002,2019-11-01,travel_drop,957.39,108.00999999999999,623.2760206614124
370348764075623,2019-11-01,travel_drop,756.0600000000001,31.080000000000002,546.4235343812527
375904527651269,2019-11-01,travel_drop,3254.2999999999997,28.1,2457.641544238434
375974680629816,2019-11-01,travel_drop,1039.9299999999998,23.84,770.4927917216834
2576709887791552,2019-11-01,travel_drop,9185.509999999998,39.45,6976.745130140914
3528231451607350,2019-11-01,travel_drop,1269.81,35.28,934.6427085054869
3529597810116815,2019-11-01,travel_drop,714.4399999999999,33.190000000000005,512.5228073213
3546674063249004,2019-11-01,travel_drop,503.01,77.56,306.65560832356414
3547574373318979,2019-11-01,travel_drop,2923.15,12.89,2219.908265384439
3550554389581384,2019-11-01,travel_drop,1994.1999999999998,452.72,1070.5156536030129
3551217896304745,2019-11-01,travel_drop,1238.19,103.27999999999999,842.4903108688771
3556613125071656,2019-11-01,travel_drop,1824.2199999999998,263.07,1130.3293300650328
3558652751678952,2019-11-01,travel_drop,203.16,33.14,122.0403005646315
3566875419572867,2019-11-01,travel_drop,7459.199999999999,2531.43,3166.1526834598303
3573030041201292,2019-11-01,travel_drop,256.19,32.97,162.71636149661813
3577578023716568,2019-11-01,travel_drop,2301.6099999999997,55.69,1702.3555384059925
3586955669388457,2019-11-01,travel_drop,7819.68,1433.98,4538.9491825124915
3587044315915002,2019-11-01,travel_drop,8624.13,2005.4,4581.9945929732985
3589255887819806,2019-11-01,travel_drop,729.04,45.38,511.48476827938043
3590736522064285,2019-11-01,travel_drop,380.03999999999996,48.870000000000005,241.41707140471817
4070511711385545,2019-11-01,travel_drop,14155.9,23.65,10789.092748389776
4147608975828480,2019-11-01,travel_drop,717.47,58.50000000000001,489.52722113657296
4239552724014407,2019-11-01,travel_drop,392.13,123.27,176.25181167753965
4335531783520911,2019-11-01,travel_drop,1750.5099999999998,8.78,1328.3172038855732
4378993458389626,2019-11-01,travel_drop,9085.47,149.88,6789.9012825897935
4412720572684931,2019-11-01,travel_drop,5179.4800000000005,21.590000000000003,3934.6674481615355
4629451965224809,2019-11-01,travel_drop,315.70000000000005,102.44999999999999,138.69205989493094
4634955908138648,2019-11-01,travel_drop,13130.49,95.56,9933.940810990787
4777065439639721,2019-11-01,travel_drop,5606.74,2007.3700000000001,2275.2427111032785
4979422371139333,2019-11-01,travel_drop,331.84000000000003,79.38,174.09032358420615
6011724471098086,2019-11-01,travel_drop,229.97,32.62,143.03866174861344
6526777409109795,2019-11-01,travel_drop,895.58,7.5,676.5735064957308
6544734391390261,2019-11-01,travel_drop,219.77,30.56,137.3075657368038
6547670341037171,2019-11-01,travel_drop,3288.52,31.07,2480.809907525113
4092452671396169678,2019-11-01,travel_drop,1464.7899999999997,70.75999999999999,1048.0948556018238
4220495028289516646,2019-11-01,travel_drop,786.64,31.53,569.3315457578348
4319584480204988982,2019-11-01,travel_drop,817.25,59.59999999999999,564.642472122687
4390966588600992777,2019-11-01,travel_drop,463.22,58.550000000000004,295.2726955480833
4428780983793657331,2019-11-01,travel_drop,484.67,39.06,331.1469121611535
4536996888716062123,2019-11-01,travel_drop,535.26,53.290000000000006,355.55922071384447
4906628655840914250,2019-11-01,travel_drop,318.13,109.16,133.8381739448032
4980323467523543940,2019-11-01,travel_drop,206.12,11.860000000000001,145.58124607394095
60423098130,2019-12-01,dining_cooling,4.0,1.0,161.41358769723615
502049568400,2019-12-01,dining_cooling,5.0,5.0,205.4904725530199
639077309909,2019-12-01,dining_cooling,7.0,3.0,956.5065757965519
676148621961,2019-12-01,dining_cooling,9.0,4.0,1154.2083639549592
4195740185974,2019-12-01,dining_cooling,5.0,4.0,549.2917099083522
4220345354880,2019-12-01,dining_cooling,9.0,9.0,532.1460697717032
4306630852918,2019-12-01,dining_cooling,8.0,8.0,797.748291803858
4383521454815,2019-12-01,dining_cooling,6.0,5.0,371.7628582270128
4605902936394,2019-12-01,dining_cooling,4.0,4.0,385.19798363613745
4807552641361,2019-12-01,dining_cooling,4.0,1.0,131.84761328483978
30143535920989,2019-12-01,dining_cooling,9.0,6.0,976.6671576173907
30518206766474,2019-12-01,dining_cooling,9.0,7.0,412.2699494945507
180018375329178,2019-12-01,dining_cooling,9.0,6.0,730.7620826396906
180067784565096,2019-12-01,dining_cooling,9.0,6.0,935.6945003726144
375082648741747,2019-12-01,dining_cooling,11.0,4.0,243.20747299925742
377113842678100,2019-12-01,dining_cooling,7.0,6.0,112.2537854063147
2260801330657968,2019-12-01,dining_cooling,5.0,1.0,706.8608382182617
3500165543009955,2019-12-01,dining_cooling,4.0,3.0,35.318497024788826
3525668150756629,2019-12-01,dining_cooling,5.0,3.0,416.4405259598965
3535808924394848,2019-12-01,dining_cooling,11.0,11.0,661.5886535265054
3536918668124647,2019-12-01,dining_cooling,4.0,4.0,117.43466245189802
3559679414981506,2019-12-01,dining_cooling,10.0,10.0,392.80944376740763
3561963695236764,2019-12-01,dining_cooling,10.0,8.0,664.4737378763176
3562679455732797,2019-12-01,dining_cooling,6.0,6.0,1103.769310473897
3563837241599446,2019-12-01,dining_cooling,7.0,6.0,178.9334781317116
3597926034019603,2019-12-01,dining_cooling,6.0,5.0,99.87084729266786
3598304579370089,2019-12-01,dining_cooling,11.0,11.0,409.09623147925595
4335531783520911,2019-12-01,dining_cooling,4.0,3.0,0.0
4378993458389626,2019-12-01,dining_cooling,13.0,13.0,105.07600141354061
4423489490781412,2019-12-01,dining_cooling,8.0,7.0,306.7061637165054
4424338559877976,2019-12-01,dining_cooling,10.0,9.0,860.3289097002474
4501449508569485,2019-12-01,dining_cooling,4.0,2.0,377.81200922374114
4555104582813474,2019-12-01,dining_cooling,6.0,1.0,742.5184779088339
4708992452821239,2019-12-01,dining_cooling,8.0,7.0,635.7182096852333
4859525594182537,2019-12-01,dining_cooling,4.0,3.0,0.0
4951647200979051,2019-12-01,dining_cooling,11.0,11.0,0.0
5152054598359927,2019-12-01,dining_cooling,10.0,9.0,982.3353780876341
5456712664803820,2019-12-01,dining_cooling,5.0,2.0,271.464905608639
5456776410929288,2019-12-01,dining_cooling,9.0,8.0,685.0845498368964
5501083170975659,2019-12-01,dining_cooling,9.0,8.0,461.2362468022726
6011231546538393,2019-12-01,dining_cooling,7.0,6.0,147.99297047028367
6011626928491360,2019-12-01,dining_cooling,6.0,2.0,526.9104715118526
6011652924285713,2019-12-01,dining_cooling,17.0,11.0,190.65557758134145
6524376634971418,2019-12-01,dining_cooling,7.0,7.0,264.94791111330585
6593250708747804,2019-12-01,dining_cooling,7.0,7.0,74.98375632283603
4128730454058057622,2019-12-01,dining_cooling,11.0,11.0,332.7765394232955
4855488158131690372,2019-12-01,dining_cooling,15.0,14.0,921.66131002782
501899453424,2019-12-01,travel_drop,4263.9,1182.19,3400.782729479915
630471368021,2019-12-01,travel_drop,3063.43,974.73,2317.9401256292726
639023984367,2019-12-01,travel_drop,290.46000000000004,43.2,268.9954687034725
676281772837,2019-12-01,travel_drop,12023.359999999999,104.69,12818.392388592516
4079773899158,2019-12-01,travel_drop,334.07,62.690000000000005,296.3788570879606
4103158249977,2019-12-01,travel_drop,1641.93,502.85,1261.947582897103
4259996134423,2019-12-01,travel_drop,2986.81,57.9,3152.4165595201353
4427805710168,2019-12-01,travel_drop,627.77,105.79,568.9567788610442
4500002361389,2019-12-01,travel_drop,226.17000000000002,93.32,149.7745712203552
4505383113689,2019-12-01,travel_drop,10357.029999999999,60.63,11071.428924553898
30408301059761,2019-12-01,travel_drop,26550.789999999997,27.160000000000004,28510.457325956995
30518196150127,2019-12-01,travel_drop,5756.68,8.26,6179.199239743531
30560609640617,2019-12-01,travel_drop,1501.7299999999998,456.59999999999997,1157.5062494528183
36721445180895,2019-12-01,travel_drop,1972.0700000000002,89.92,2029.7223533913689
38580485618059,2019-12-01,travel_drop,673.7900000000001,107.6,616.6105104238543
180036456789979,2019-12-01,travel_drop,1265.5,77.0,1283.1988764175596
180048185037117,2019-12-01,travel_drop,1523.53,806.3600000000001,831.177569489091
180069253480336,2019-12-01,travel_drop,699.0,41.89,709.417004832773
213175487106448,2019-12-01,travel_drop,2360.81,55.36,2482.1122318730454
343464013864032,2019-12-01,travel_drop,5292.46,61.379999999999995,5627.121102714245
2283743876903625,2019-12-01,travel_drop,290.47999999999996,90.03,222.18696532735888
2703186189652095,2019-12-01,travel_drop,881.7399999999999,53.620000000000005,894.1016572836182
2720433095629877,2019-12-01,travel_drop,1424.8899999999999,117.53,1413.9862204809297
3501942333500073,2019-12-01,travel_drop,273.49,73.72,220.23558333578697
3549202406645667,2019-12-01,travel_drop,872.4799999999999,34.06,903.7087204241741
3553629419254918,2019-12-01,travel_drop,2240.35,379.73,2028.268066204725
3554849923339851,2019-12-01,travel_drop,7160.18,35.86,7660.124820977861
3575789281659026,2019-12-01,travel_drop,1207.2400000000002,78.28,1219.299211036219
3595192916105588,2019-12-01,travel_drop,962.99,155.49,879.561691822478
4003771737807706,2019-12-01,travel_drop,2915.91,44.879999999999995,3089.2310278425334
4005676619255478,2019-12-01,travel_drop,886.1899999999999,208.68,743.8246560983621
4229733778084049,2019-12-01,travel_drop,392.89,66.65,355.64042793812325
4277232699798846,2019-12-01,travel_drop,1598.5299999999997,99.39000000000001,1618.7599090634226
4430881574719618,2019-12-01,travel_drop,733.25,90.97,697.1499732383845
4433091568498503,2019-12-01,travel_drop,6914.23,25.690000000000005,7405.940088733768
4657269323674365,2019-12-01,travel_drop,286.89000000000004,47.769999999999996,260.5883213397343
4681601008538160,2019-12-01,travel_drop,4800.38,76.46,5083.138168611083
4713464490314802,2019-12-01,travel_drop,2961.5199999999995,511.32,2671.81407861567
4727244663135968,2019-12-01,travel_drop,3369.7999999999997,199.8,3422.166158634446
6011693194885790,2019-12-01,travel_drop,1487.6799999999998,488.03000000000003,1110.9748711725601
6011999606625827,2019-12-01,travel_drop,510.36999999999995,59.129999999999995,489.4315966473566
6534628260579800,2019-12-01,travel_drop,297.72,92.36000000000001,227.6387431742678
6538891242532018,2019-12-01,travel_drop,461.33,139.48,356.3718748776869
4102003771126577611,2019-12-01,travel_drop,1384.23,55.37,1432.4435841196987
4128730454058057622,2019-12-01,travel_drop,226.92000000000002,102.49,141.4106946160985
4255397449664185994,2019-12-01,travel_drop,229.66,23.509999999999998,223.33573208854742
4469777115158234880,2019-12-01,travel_drop,794.21,82.4,771.2416828444016
4497913965512794052,2019-12-01,travel_drop,2294.49,130.88,2335.309427065449
4810839835482794272,2019-12-01,travel_drop,4967.23,46.3,5292.633753384112
60416207185,2020-01-01,dining_cooling,7.0,2.0,0.0
501802953619,2020-01-01,dining_cooling,9.0,3.0,213.48810970172158
571365235126,2020-01-01,dining_cooling,10.0,3.0,0.0
583699482621,2020-01-01,dining_cooling,13.0,3.0,463.734167011099
676118385837,2020-01-01,dining_cooling,6.0,2.0,71.88149740215712
676245600876,2020-01-01,dining_cooling,8.0,0.0,502.7473760066822
676309913934,2020-01-01,dining_cooling,5.0,1.0,484.49714325466624
4239436242473,2020-01-01,dining_cooling,4.0,0.0,79.88944667715063
4440581794652,2020-01-01,dining_cooling,4.0,1.0,154.94441675137534
4601636330889,2020-01-01,dining_cooling,7.0,2.0,136.584190936168
4683638447911,2020-01-01,dining_cooling,10.0,2.0,320.6244573023959
4900628639996,2020-01-01,dining_cooling,12.0,2.0,174.92077564593956
30033162392091,2020-01-01,dining_cooling,8.0,1.0,276.3947961039278
30074693890476,2020-01-01,dining_cooling,14.0,3.0,548.3401787674429
30118423745458,2020-01-01,dining_cooling,12.0,4.0,250.38423046478266
30131826429364,2020-01-01,dining_cooling,14.0,4.0,286.8001415510975
30197398657930,2020-01-01,dining_cooling,9.0,3.0,542.5242001378207
30230540139182,2020-01-01,dining_cooling,10.0,2.0,292.5816238371994
30234966027947,2020-01-01,dining_cooling,17.0,2.0,776.4747439441339
30343344410970,2020-01-01,dining_cooling,8.0,1.0,549.1663326572254
30551643947183,2020-01-01,dining_cooling,17.0,4.0,482.80555287423704
180081032825079,2020-01-01,dining_cooling,4.0,1.0,77.06407154795055
213126662687660,2020-01-01,dining_cooling,11.0,1.0,546.9810897674545
213154573301411,2020-01-01,dining_cooling,8.0,0.0,366.5364412864688
213161231269724,2020-01-01,dining_cooling,8.0,0.0,357.64395097988546
344709867813900,2020-01-01,dining_cooling,19.0,5.0,208.06449451874084
370348764075623,2020-01-01,dining_cooling,4.0,1.0,24.814065901005634
370612217861404,2020-01-01,dining_cooling,8.0,1.0,299.45519793424376
371034293500716,2020-01-01,dining_cooling,4.0,1.0,75.85027125822478
371284100299909,2020-01-01,dining_cooling,5.0,0.0,95.26544880694223
373043435942726,2020-01-01,dining_cooling,10.0,2.0,325.12170574161394
376028110684021,2020-01-01,dining_cooling,13.0,3.0,422.07489005718026
2235613922823698,2020-01-01,dining_cooling,9.0,1.0,78.8433278488851
2248348993063230,2020-01-01,dining_cooling,6.0,1.0,100.29305567827059
2254799658404120,2020-01-01,dining_cooling,6.0,2.0,21.33765731635887
3502377050801561,2020-01-01,dining_cooling,9.0,3.0,6.5190914222739025
3508104404056005,2020-01-01,dining_cooling,4.0,1.0,160.03666365698467
3517527805128735,2020-01-01,dining_cooling,6.0,1.0,53.96721864717174
3519232971341141,2020-01-01,dining_cooling,4.0,0.0,57.736852255846955
3523898249167098,2020-01-01,dining_cooling,8.0,2.0,222.67505300104514
3528407217576457,2020-01-01,dining_cooling,6.0,2.0,154.8619702204718
3552581383553463,2020-01-01,dining_cooling,12.0,0.0,694.9652733893398
3557442674264531,2020-01-01,dining_cooling,4.0,1.0,240.41885495810857
3560697798177746,2020-01-01,dining_cooling,7.0,2.0,372.79578089169775
3573386445588324,2020-01-01,dining_cooling,5.0,1.0,203.37536996974515
3576431665303017,2020-01-01,dining_cooling,17.0,5.0,520.7901213856032
3577596616955856,2020-01-01,dining_cooling,5.0,1.0,182.30535969826116
3579200383632826,2020-01-01,dining_cooling,4.0,1.0,105.95020167010598
4060579726528237,2020-01-01,dining_cooling,12.0,4.0,276.98802521757983
4067137330196900,2020-01-01,dining_cooling,9.0,2.0,43.86248207991099
4069975342931683,2020-01-01,dining_cooling,11.0,3.0,367.58730679603735
4070511711385545,2020-01-01,dining_cooling,4.0,0.0,263.10048088754525
4173950183554608,2020-01-01,dining_cooling,10.0,3.0,112.39217011322395
4191109180926792,2020-01-01,dining_cooling,14.0,1.0,484.7156254195572
4229733778084049,2020-01-01,dining_cooling,12.0,2.0,398.4491305734145
4365382885912355,2020-01-01,dining_cooling,6.0,1.0,196.55096462227584
4474324669797121,2020-01-01,dining_cooling,8.0,2.0,94.1930583680141
4550599031376731,2020-01-01,dining_cooling,8.0,1.0,488.45422890746113
4629451965224809,2020-01-01,dining_cooling,12.0,4.0,0.0
4822367783500458,2020-01-01,dining_cooling,4.0,1.0,334.8217279519198
4879265611163287,2020-01-01,dining_cooling,7.0,1.0,245.0382084369548
4996263498048679,2020-01-01,dining_cooling,6.0,0.0,95.92309278459952
4997733566924489,2020-01-01,dining_cooling,12.0,3.0,89.0915008468487
5104807169438134,2020-01-01,dining_cooling,7.0,0.0,353.55512103184236
5359543825610251,2020-01-01,dining_cooling,10.0,2.0,272.15587064531064
5410056176712193,2020-01-01,dining_cooling,5.0,1.0,15.569783921360965
6011148190095209,2020-01-01,dining_cooling,9.0,3.0,313.8297077739075
6011149206456997,2020-01-01,dining_cooling,4.0,0.0,180.88783537627924
6011329966782895,2020-01-01,dining_cooling,7.0,2.0,217.42897897086516
6523180720198790,2020-01-01,dining_cooling,5.0,1.0,76.12003823875091
6538891242532018,2020-01-01,dining_cooling,19.0,6.0,751.7033194173454
6539653032686894,2020-01-01,dining_cooling,6.0,1.0,255.18943753808847
4209696857872688515,2020-01-01,dining_cooling,4.0,1.0,0.0
4390966588600992777,2020-01-01,dining_cooling,6.0,2.0,226.66271391953728
4653178848915023204,2020-01-01,dining_cooling,8.0,1.0,88.67205970662685
4897067971111209737,2020-01-01,dining_cooling,6.0,2.0,0.0
503874407318,2020-01-01,travel_drop,1019.9200000000001,341.67999999999995,835.6227001315918
639046421587,2020-01-01,travel_drop,4892.969999999999,2131.7200000000003,3516.2786593682576
676372984911,2020-01-01,travel_drop,1902.2999999999997,87.74999999999999,2108.091758628448
4149635823017,2020-01-01,travel_drop,399.59,50.14999999999999,411.1002803607957
4464457352619,2020-01-01,travel_drop,9527.97,52.92,10945.30026018982
4586260469584,2020-01-01,travel_drop,1774.6299999999999,573.16,1475.311145515851
4783226709001,2020-01-01,travel_drop,3196.97,328.73999999999995,3361.5508201032385
30230540139182,2020-01-01,travel_drop,6165.65,2747.69,4369.374468846918
30238755902988,2020-01-01,travel_drop,1873.8999999999999,73.57,2089.489386791699
30273037698427,2020-01-01,travel_drop,453.02,89.64,433.28500315084875
180031190491743,2020-01-01,travel_drop,2817.0400000000004,81.84,3169.8942520773194
213112402583773,2020-01-01,travel_drop,8337.5,87.22999999999999,9536.820182707612
213125815021702,2020-01-01,travel_drop,394.25,55.83,399.2562710083929
213154573301411,2020-01-01,travel_drop,5014.51,2566.69,3221.6033591231358
213155997615567,2020-01-01,travel_drop,3549.97,1873.0,2224.76185032762
213157767990030,2020-01-01,travel_drop,1066.7099999999998,60.31,1171.0028120415034
213186880359195,2020-01-01,travel_drop,1988.64,1056.9299999999998,1238.574786247636
213199865312311,2020-01-01,travel_drop,307.49,33.34,321.59843366485916
344342339068828,2020-01-01,travel_drop,1284.21,75.25,1407.1249907208326
345389171551808,2020-01-01,travel_drop,344.15000000000003,89.68,307.5753967470854
348379466427142,2020-01-01,travel_drop,535.0100000000001,51.17,566.3967871964497
370818583810103,2020-01-01,travel_drop,2330.3100000000004,25.7,2664.1974970033434
371284424780634,2020-01-01,travel_drop,482.25999999999993,60.58,496.09699443629046
372382441451095,2020-01-01,travel_drop,7403.0199999999995,51.03,8494.341632214462
376262134119629,2020-01-01,travel_drop,227.82,60.080000000000005,202.89464619183778
376656886990758,2020-01-01,travel_drop,1286.25,48.46,1436.2697808105145
3501365119557234,2020-01-01,travel_drop,3370.86,15.639999999999999,3875.373589071278
3506592072985012,2020-01-01,travel_drop,285.67,65.81,263.9414141762019
3540862542587229,2020-01-01,travel_drop,319.81,46.17,322.9895189123503
3541160328600277,2020-01-01,travel_drop,593.3800000000001,68.77,616.1737957919092
3543591270174051,2020-01-01,travel_drop,429.78,79.83999999999999,416.25886507035403
3558881852140592,2020-01-01,travel_drop,317.75,21.58,345.20164264531854
3564839259330465,2020-01-01,travel_drop,628.64,275.78000000000003,449.86472645964756
3567879740649740,2020-01-01,travel_drop,968.91,43.35,1075.0714048008674
3577794103155425,2020-01-01,travel_drop,1790.9500000000003,9.129999999999999,2058.179466233307
4099707841315751,2020-01-01,travel_drop,638.8000000000001,109.48000000000002,627.892504553358
4155021259183870,2020-01-01,travel_drop,845.3299999999999,46.379999999999995,929.3919149563087
4170689372027579,2020-01-01,travel_drop,2942.080000000001,482.15000000000003,2913.9190328684153
4342532437704183,2020-01-01,travel_drop,2822.1800000000003,59.59,3198.077399656224
4879265611163287,2020-01-01,travel_drop,2506.79,1046.54,1847.069925938184
6011329966782895,2020-01-01,travel_drop,568.54,120.90999999999998,535.3607635234284
6011348830550197,2020-01-01,travel_drop,2454.72,91.93,2741.575063207919
6011388901471808,2020-01-01,travel_drop,9148.999999999998,102.54,10458.23182867669
4063094974360571498,2020-01-01,travel_drop,1948.8200000000002,27.579999999999995,2221.9602071441377
4208110975550360171,2020-01-01,travel_drop,3500.59,2006.71,2034.0520784509067
4210078554961359092,2020-01-01,travel_drop,464.28,27.08,508.84252099879933
4355790796238264643,2020-01-01,travel_drop,1511.3100000000002,23.33,1721.1885345280768
4477156602511939689,2020-01-01,travel_drop,962.36,0.0,1110.8606817188002
4769426683924058915,2020-01-01,travel_drop,595.6200000000001,169.50999999999996,518.0194476550895
567868110212,2020-02-01,dining_cooling,23.0,2.0,405.6094984289489
581686439828,2020-02-01,dining_cooling,27.0,3.0,171.13445453436543
639046421587,2020-02-01,dining_cooling,9.0,1.0,115.89939176717021
676281772837,2020-02-01,dining_cooling,15.0,2.0,314.589661393946
4806443445305,2020-02-01,dining_cooling,6.0,0.0,160.9077717106125
4809701904914,2020-02-01,dining_cooling,13.0,2.0,71.70862811834797
30235268718158,2020-02-01,dining_cooling,14.0,2.0,0.0
30376238035123,2020-02-01,dining_cooling,8.0,1.0,116.70199172124418
30408301059761,2020-02-01,dining_cooling,5.0,0.0,50.19745241743391
30491348102802,2020-02-01,dining_cooling,7.0,0.0,109.72821700990677
36581538659449,2020-02-01,dining_cooling,6.0,1.0,102.86797503155337
36721445180895,2020-02-01,dining_cooling,12.0,2.0,0.0
38014427445058,2020-02-01,dining_cooling,8.0,0.0,199.46697802287974
180011453250192,2020-02-01,dining_cooling,18.0,3.0,194.43797267252694
180064817343047,2020-02-01,dining_cooling,13.0,1.0,186.06251433536357
213102873001603,2020-02-01,dining_cooling,12.0,2.0,164.33410693226915
213114122496591,2020-02-01,dining_cooling,6.0,0.0,77.135115044318
213173753804333,2020-02-01,dining_cooling,12.0,2.0,127.51178764542283
213195754007681,2020-02-01,dining_cooling,16.0,1.0,217.9070956307252
340951438290556,2020-02-01,dining_cooling,21.0,2.0,357.48878277946
341542810616333,2020-02-01,dining_cooling,7.0,0.0,131.2776790146227
345832460465610,2020-02-01,dining_cooling,19.0,1.0,534.7702338947001
347073228412010,2020-02-01,dining_cooling,17.0,1.0,274.98541043221496
377264520876399,2020-02-01,dining_cooling,4.0,0.0,107.11929903971871
378904938837132,2020-02-01,dining_cooling,16.0,2.0,74.99433764993876
2285066385084291,2020-02-01,dining_cooling,11.0,1.0,108.9137790520501
2288813824604479,2020-02-01,dining_cooling,13.0,1.0,129.9428842385956
2713913904780408,2020-02-01,dining_cooling,20.0,1.0,459.6297404387639
2720894374956739,2020-02-01,dining_cooling,13.0,2.0,160.62943992381213
3518758680062249,2020-02-01,dining_cooling,12.0,2.0,96.58766706198192
3530503964418806,2020-02-01,dining_cooling,6.0,0.0,161.83642625057703
3536818734263520,2020-02-01,dining_cooling,5.0,0.0,44.17121935953475
3537797820923602,2020-02-01,dining_cooling,4.0,0.0,84.28709119562738
3540075240003197,2020-02-01,dining_cooling,24.0,4.0,95.78716420120155
3541554378551366,2020-02-01,dining_cooling,6.0,0.0,162.99557418355434
3546897637165774,2020-02-01,dining_cooling,20.0,1.0,332.83987500045833
3560336828629935,2020-02-01,dining_cooling,4.0,0.0,139.10443292518687
3576144910346950,2020-02-01,dining_cooling,7.0,1.0,122.34054497817846
3586955669388457,2020-02-01,dining_cooling,11.0,0.0,214.99688793760993
3592325941359225,2020-02-01,dining_cooling,8.0,1.0,89.21970750597822
4228411452607671,2020-02-01,dining_cooling,4.0,0.0,10.385564621401613
4260059589824237,2020-02-01,dining_cooling,7.0,1.0,205.7729073260734
4277232699798846,2020-02-01,dining_cooling,14.0,1.0,131.29557333428875
4433091568498503,2020-02-01,dining_cooling,6.0,1.0,144.17223030253547
4488941175228467,2020-02-01,dining_cooling,13.0,2.0,152.81847628818775
4610050989831291,2020-02-01,dining_cooling,14.0,2.0,141.2855631116406
4635330563105903,2020-02-01,dining_cooling,10.0,0.0,240.70525246842587
4642255475285942,2020-02-01,dining_cooling,27.0,0.0,279.3880566870912
4764202053279782,2020-02-01,dining_cooling,4.0,0.0,30.081058030145233
4839043708100390,2020-02-01,dining_cooling,21.0,0.0,147.79303169658138
5580563567307107,2020-02-01,dining_cooling,13.0,1.0,193.07381091533847
6011393492413821,2020-02-01,dining_cooling,7.0,1.0,134.29586422416452
6502195877055606,2020-02-01,dining_cooling,7.0,1.0,77.02693335768505
6506982560413523,2020-02-01,dining_cooling,11.0,1.0,229.06326345228672
6535328428560433,2020-02-01,dining_cooling,6.0,0.0,276.986248722219
6540981358631302,2020-02-01,dining_cooling,11.0,1.0,213.34832014877648
6544734391390261,2020-02-01,dining_cooling,13.0,0.0,157.61739501325627
6597888193422452,2020-02-01,dining_cooling,17.0,2.0,204.09932234742843
4102003771126577611,2020-02-01,dining_cooling,18.0,2.0,192.95674979008328
4181833256558613886,2020-02-01,dining_cooling,13.0,1.0,103.76427930211055
4220495028289516646,2020-02-01,dining_cooling,15.0,1.0,200.48332793374394
4225990116481262579,2020-02-01,dining_cooling,10.0,1.0,156.8336358089303
4311368326621416041,2020-02-01,dining_cooling,8.0,1.0,156.23916007438825
4497451418073897078,2020-02-01,dining_cooling,6.0,0.0,100.97614904333481
4666314527820883145,2020-02-01,dining_cooling,5.0,0.0,100.12432563437456
4725837176265195730,2020-02-01,dining_cooling,9.0,0.0,179.29045492437035
4798937978667559470,2020-02-01,dining_cooling,6.0,1.0,155.07667766523636
4855853415727304322,2020-02-01,dining_cooling,4.0,0.0,71.38948263878221
4956828990005111019,2020-02-01,dining_cooling,29.0,3.0,236.43551514376892
4973530368125489546,2020-02-01,dining_cooling,16.0,2.0,368.3409091253219
4992346398065154184,2020-02-01,dining_cooling,13.0,2.0,106.43616291473859
581508178315,2020-02-01,travel_drop,1536.84,582.96,1150.9411155508035
30103132002433,2020-02-01,travel_drop,585.0,19.810000000000002,640.20155136333
30328384440870,2020-02-01,travel_drop,3718.88,89.32000000000001,4106.412919887283
30551643947183,2020-02-01,travel_drop,239.41000000000003,48.17,221.93831711435018
180067784565096,2020-02-01,travel_drop,1335.82,282.71999999999997,1224.3853513541255
180072527505094,2020-02-01,travel_drop,898.4200000000001,79.14999999999999,934.4697914116974
213174467670432,2020-02-01,travel_drop,923.4,101.72999999999999,940.0728487673487
213178765398315,2020-02-01,travel_drop,5295.780000000001,2647.1600000000003,3327.670723895549
213198837352314,2020-02-01,travel_drop,984.85,461.84,649.2922672823515
373043435942726,2020-02-01,travel_drop,3007.3999999999996,1472.56,1920.4634864445784
376445266762684,2020-02-01,travel_drop,1917.41,116.32000000000001,2046.9496558966882
377993105397617,2020-02-01,travel_drop,5792.5599999999995,411.56,6123.750276863539
378278619832195,2020-02-01,travel_drop,2035.48,49.81999999999999,2246.6591667846683
379897244598068,2020-02-01,travel_drop,3108.7999999999997,27.28,3480.145488680889
2256234701263057,2020-02-01,travel_drop,1283.3300000000002,20.560000000000002,1427.3248277112862
2264937662466770,2020-02-01,travel_drop,15130.47,1758.75,15311.82261120739
2305336922781618,2020-02-01,travel_drop,8722.12,73.7,9766.812739106203
2318062975163331,2020-02-01,travel_drop,2171.04,18.09,2431.3313307211006
2454076758463217,2020-02-01,travel_drop,2957.8199999999997,1494.46,1842.6260971854435
2475085306462014,2020-02-01,travel_drop,6471.82,2586.6899999999996,4714.978304861926
2720894374956739,2020-02-01,travel_drop,1975.46,32.769999999999996,2195.993109839665
3502088871723054,2020-02-01,travel_drop,3302.57,98.06,3627.9816225401587
3514897282719543,2020-02-01,travel_drop,630.03,87.25999999999999,623.5555174451945
3531129874770000,2020-02-01,travel_drop,237.57,46.66,221.3723833459595
3541554378551366,2020-02-01,travel_drop,1210.29,26.62,1338.8592829051704
3552581383553463,2020-02-01,travel_drop,929.99,108.41,940.8278506878347
3566094707272327,2020-02-01,travel_drop,608.73,129.07999999999998,557.7043276263246
3575540972310993,2020-02-01,travel_drop,8689.78,55.5,9748.525946676988
3586008444788268,2020-02-01,travel_drop,3733.0199999999995,1926.0600000000002,2285.6260196074145
4158945090781624,2020-02-01,travel_drop,2039.3400000000001,220.88,2079.954114798792
4173950183554608,2020-02-01,travel_drop,3377.0699999999993,473.25,3336.8443756624965
4254074738931278,2020-02-01,travel_drop,2488.62,41.54,2766.1829862458294
4266200684857219,2020-02-01,travel_drop,2861.2900000000004,64.82000000000001,3163.358550086124
4308156300921054,2020-02-01,travel_drop,2370.98,997.78,1677.2186120537233
4334230547694630,2020-02-01,travel_drop,8917.5,69.64999999999999,9991.295315012812
4425161475596168,2020-02-01,travel_drop,1414.3300000000002,43.36,1552.3222862217071
4452366298769043,2020-02-01,travel_drop,5869.700000000001,47.25,6575.091543653571
4492491748959010,2020-02-01,travel_drop,3558.13,1573.16,2441.210771371633
4716561796955522,2020-02-01,travel_drop,208.97,80.06,155.70515194597448
4740713119940984,2020-02-01,travel_drop,952.5200000000001,38.269999999999996,1036.3867571018789
4914700582394237,2020-02-01,travel_drop,1027.56,13.86,1145.458751656245
5359543825610251,2020-02-01,travel_drop,3883.98,69.77000000000001,4312.232846605378
6540981358631302,2020-02-01,travel_drop,1049.1,48.63,1134.990715444905
6592243974328236,2020-02-01,travel_drop,2068.61,30.740000000000002,2303.1172568644415
4225990116481262579,2020-02-01,travel_drop,1470.4499999999998,38.57,1620.4282661576215
4244953610136705533,2020-02-01,travel_drop,3608.83,1550.27,2521.301772489788
4797297220948468262,2020-02-01,travel_drop,245.86,41.86,235.52536755245865
60487002085,2020-03-01,dining_cooling,5.0,3.0,113.77327212308512
639077309909,2020-03-01,dining_cooling,4.0,2.0,413.15929068471155
4169388510116,2020-03-01,dining_cooling,5.0,3.0,114.95688225875816
4393520897625,2020-03-01,dining_cooling,6.0,1.0,456.1664296863987
4481131401752,2020-03-01,dining_cooling,5.0,3.0,0.0
30135235368675,2020-03-01,dining_cooling,8.0,5.0,473.0752819530587
30263540414123,2020-03-01,dining_cooling,6.0,2.0,211.5502965650007
30518206766474,2020-03-01,dining_cooling,6.0,3.0,439.87353730356057
36722699017270,2020-03-01,dining_cooling,13.0,6.0,803.1618221079827
36913587729122,2020-03-01,dining_cooling,11.0,6.0,451.9720804263924
38588538868506,2020-03-01,dining_cooling,11.0,5.0,895.633219036955
180067151859700,2020-03-01,dining_cooling,6.0,2.0,387.2808959969245
180069253480336,2020-03-01,dining_cooling,6.0,2.0,492.7622050242086
213112402583773,2020-03-01,dining_cooling,14.0,9.0,935.837406647893
213157767990030,2020-03-01,dining_cooling,10.0,6.0,496.6681991134103
213180742685905,2020-03-01,dining_cooling,6.0,4.0,0.0
371226440126102,2020-03-01,dining_cooling,8.0,3.0,95.73983428470308
376656886990758,2020-03-01,dining_cooling,6.0,3.0,140.40569625380977
2252055259910912,2020-03-01,dining_cooling,9.0,5.0,419.0311834641656
2264937662466770,2020-03-01,dining_cooling,13.0,9.0,200.16222888645467
2280870154157385,2020-03-01,dining_cooling,4.0,0.0,124.42987288641828
2576709887791552,2020-03-01,dining_cooling,10.0,6.0,908.0033470658043
2714019737356678,2020-03-01,dining_cooling,5.0,3.0,158.84809182086377
3506042666828517,2020-03-01,dining_cooling,6.0,4.0,148.29024446919047
3513618443244549,2020-03-01,dining_cooling,10.0,7.0,272.915856607469
3528231451607350,2020-03-01,dining_cooling,6.0,4.0,556.4485286634344
3529597810116815,2020-03-01,dining_cooling,4.0,2.0,25.390594730499437
3554849923339851,2020-03-01,dining_cooling,6.0,3.0,361.06813103275726
3560797065840735,2020-03-01,dining_cooling,10.0,4.0,272.8507648171141
3565196229855512,2020-03-01,dining_cooling,7.0,4.0,918.4117169760775
3565996340207976,2020-03-01,dining_cooling,4.0,2.0,0.0
3575540972310993,2020-03-01,dining_cooling,8.0,5.0,280.4959363266649
4116554952971686,2020-03-01,dining_cooling,6.0,0.0,1159.2518443947483
4129767952109660,2020-03-01,dining_cooling,4.0,1.0,38.29056710711369
4294040533480516,2020-03-01,dining_cooling,7.0,2.0,501.3731867371625
4451952084362894,2020-03-01,dining_cooling,9.0,3.0,556.9805225085652
4482427013979020,2020-03-01,dining_cooling,4.0,2.0,733.4727244318472
4509922033272157,2020-03-01,dining_cooling,7.0,4.0,488.65654455125934
4570636521433188,2020-03-01,dining_cooling,4.0,1.0,209.99766059498484
4651007077623147,2020-03-01,dining_cooling,6.0,1.0,810.2116033816081
5559857416065248,2020-03-01,dining_cooling,4.0,2.0,0.0
6011231546538393,2020-03-01,dining_cooling,6.0,1.0,313.590718998209
6011367958204270,2020-03-01,dining_cooling,10.0,5.0,434.5465925558233
6596735789587928,2020-03-01,dining_cooling,8.0,3.0,404.83181461072115
4089096483689733451,2020-03-01,dining_cooling,6.0,4.0,400.39166208443015
4128730454058057622,2020-03-01,dining_cooling,15.0,6.0,1109.6940789479297
4210078554961359092,2020-03-01,dining_cooling,7.0,4.0,432.1154768422044
4373370572092720777,2020-03-01,dining_cooling,4.0,0.0,109.46320559289504
4379260813815979609,2020-03-01,dining_cooling,8.0,3.0,336.86102593136087
4503101193493052864,2020-03-01,dining_cooling,5.0,3.0,210.61463482166
4560395181594436016,2020-03-01,dining_cooling,9.0,6.0,162.49942971690746
501802953619,2020-03-01,travel_drop,9577.55,46.529999999999994,5326.303386523603
570273151375,2020-03-01,travel_drop,818.4000000000001,17.509999999999998,441.59768866055697
571365235126,2020-03-01,travel_drop,5021.21,15.91,2800.898550072428
630425673344,2020-03-01,travel_drop,4075.3300000000004,18.89,2267.296872958245
630451534402,2020-03-01,travel_drop,337.36,23.090000000000003,166.16289570689818
639030014711,2020-03-01,travel_drop,4886.42,0.0,2741.1937830214056
675909898057,2020-03-01,travel_drop,27449.74,211.44,15187.370710817735
676118385837,2020-03-01,travel_drop,400.21,34.519999999999996,189.9906159321132
676173792455,2020-03-01,travel_drop,5646.080000000001,116.35000000000001,3050.9993875764876
4006047418382,2020-03-01,travel_drop,217.62,44.62,77.46090812110262
4220345354880,2020-03-01,travel_drop,4799.9400000000005,566.16,2126.520057562749
4247921790666,2020-03-01,travel_drop,633.4399999999999,80.49,274.85845345203217
4561546772499,2020-03-01,travel_drop,6138.09,48.11,3395.2481533363607
4623560839669,2020-03-01,travel_drop,847.28,49.019999999999996,426.2888495214035
4642894980163,2020-03-01,travel_drop,317.09000000000003,31.959999999999997,145.9217900749951
4760122961662,2020-03-01,travel_drop,716.5600000000001,0.0,401.9772793091504
4900628639996,2020-03-01,travel_drop,936.33,54.82,470.44429878242823
4981132848794,2020-03-01,travel_drop,402.74,47.449999999999996,178.47990045351014
4988304376504,2020-03-01,travel_drop,854.69,35.76,443.70572632122605
30143713661454,2020-03-01,travel_drop,7313.36,79.75999999999999,4022.9034969972754
30199621383748,2020-03-01,travel_drop,501.41,40.94,240.34199678798853
36581538659449,2020-03-01,travel_drop,885.2699999999999,0.0,496.6205566233274
180047222886866,2020-03-01,travel_drop,295.83,30.03,135.92531223906713
180084576295055,2020-03-01,travel_drop,716.94,13.82,388.37045247837204
213107169859697,2020-03-01,travel_drop,1326.21,0.0,743.9799704038577
213113028819344,2020-03-01,travel_drop,447.48,17.75,233.27823621923997
213124978348176,2020-03-01,travel_drop,204.99,56.86000000000001,58.13570515460356
213126662687660,2020-03-01,travel_drop,1350.69,15.98,741.7328103579272
377113842678100,2020-03-01,travel_drop,1629.2700000000002,23.82,890.1711826783792
378904938837132,2020-03-01,travel_drop,289.83000000000004,20.53,142.0594200934619
2248348993063230,2020-03-01,travel_drop,1234.1699999999998,15.469999999999999,676.8771848902729
2268221587779419,2020-03-01,travel_drop,819.78,0.0,459.88184385404605
2285066385084291,2020-03-01,travel_drop,5922.560000000001,1.3,3321.149697645978
2296006538441789,2020-03-01,travel_drop,260.81,47.46,98.84972174921779
2383461948823908,2020-03-01,travel_drop,287.13000000000005,47.03,114.04476862793953
2719496466799416,2020-03-01,travel_drop,783.51,14.33,425.20502583386235
3508104404056005,2020-03-01,travel_drop,511.21000000000004,23.29,263.48962062581046
3521417320836166,2020-03-01,travel_drop,474.14,57.480000000000004,208.5040169862126
3525590521269779,2020-03-01,travel_drop,1681.1399999999996,81.07999999999998,862.0093202771363
3533742182628021,2020-03-01,travel_drop,929.26,47.61,473.6881558708567
3535808924394848,2020-03-01,travel_drop,5423.32,1017.55,2024.8350318506493
3543299015720986,2020-03-01,travel_drop,1071.0,15.75,585.0617479905382
3545109339866548,2020-03-01,travel_drop,1130.1000000000001,99.47,534.4957856247499
3546674063249004,2020-03-01,travel_drop,347.04999999999995,20.63,174.05881152205063
3550554389581384,2020-03-01,travel_drop,2163.0,468.84,744.5641184906947
3561212938177173,2020-03-01,travel_drop,948.4300000000001,9.22,522.8321812760655
3572976568630035,2020-03-01,travel_drop,646.5600000000001,7.71,354.99853761042243
3583093681934489,2020-03-01,travel_drop,566.68,10.23,307.667293511931
3589255887819806,2020-03-01,travel_drop,645.65,25.29,336.90804396833886
3593399694467427,2020-03-01,travel_drop,639.12,18.29,340.24483134987184
3595111028444131,2020-03-01,travel_drop,1482.6,12.11,819.6019491790586
3598014571045296,2020-03-01,travel_drop,1546.41,21.450000000000003,846.0582121475705
4060579726528237,2020-03-01,travel_drop,3359.6700000000005,30.980000000000004,1853.7344774709352
4302480582202074,2020-03-01,travel_drop,374.10999999999996,43.0,166.86898509873035
4348786085525522,2020-03-01,travel_drop,3228.66,0.0,1811.220222471644
4509142395811241,2020-03-01,travel_drop,3295.7999999999993,642.6600000000001,1206.2245555809666
4642255475285942,2020-03-01,travel_drop,281.34999999999997,38.36,119.4722925276731
4671727014157745,2020-03-01,travel_drop,1121.0099999999998,81.15,547.7164590241579
4707867759656333,2020-03-01,travel_drop,844.9100000000001,89.04,384.93932212388944
4908846471916297,2020-03-01,travel_drop,12519.750000000002,20.38,7002.974698323567
4951647200979051,2020-03-01,travel_drop,225.58999999999997,48.769999999999996,77.78193485451493
4979422371139333,2020-03-01,travel_drop,29038.14,79.80000000000001,16210.0745581643
4986925034905735,2020-03-01,travel_drop,1606.6200000000001,8.7,892.5849398287194
5559857416065248,2020-03-01,travel_drop,11508.610000000002,1742.4999999999998,4713.623334305685
6011148190095209,2020-03-01,travel_drop,222.06,28.87,95.70166830885051
6011367958204270,2020-03-01,travel_drop,4106.44,73.28,2230.3590237332073
6011652924285713,2020-03-01,travel_drop,7582.589999999999,21.08,4232.616687390826
6506116513503136,2020-03-01,travel_drop,668.5699999999999,3.98,371.07575196455093
6517217825320610,2020-03-01,travel_drop,4228.75,81.37,2290.882735121371
6550399784335736,2020-03-01,travel_drop,491.62,7.65,268.13998277040935
6554245334757802,2020-03-01,travel_drop,9949.730000000001,64.03999999999999,5517.579676315498
6564459919350820,2020-03-01,travel_drop,318.22,29.15,149.36569976241742
6595970453799027,2020-03-01,travel_drop,469.4600000000001,72.33999999999999,191.01862111264063
4226219726886852999,2020-03-01,travel_drop,242.61,5.2299999999999995,130.86984890754854
4292743669224718067,2020-03-01,travel_drop,4245.16,30.51,2350.948450139601
4536996888716062123,2020-03-01,travel_drop,825.46,88.44999999999999,374.61822175188576
4584931703207308232,2020-03-01,travel_drop,9274.769999999999,34.12,5168.859249215876
4646845581490336108,2020-03-01,travel_drop,3590.15,50.51,1963.4996144241181
4736845434667908128,2020-03-01,travel_drop,6251.830000000001,55.980000000000004,3451.1842487765516
4973530368125489546,2020-03-01,travel_drop,8799.900000000001,24.79,4911.795715351949
4980323467523543940,2020-03-01,travel_drop,748.83,4.63,415.450169232264
60416207185,2020-04-01,dining_cooling,9.0,4.0,41.624050123793936
501802953619,2020-04-01,dining_cooling,9.0,4.0,646.2682028557099
501899453424,2020-04-01,dining_cooling,9.0,5.0,531.3849253078756
502012776709,2020-04-01,dining_cooling,6.0,2.0,615.9405362596804
571844099986,2020-04-01,dining_cooling,9.0,6.0,20.50974050220384
580954173374,2020-04-01,dining_cooling,9.0,3.0,888.7853115127003
583699482621,2020-04-01,dining_cooling,6.0,4.0,0.0
630424987505,2020-04-01,dining_cooling,12.0,7.0,160.0193040984773
676245600876,2020-04-01,dining_cooling,6.0,3.0,702.0094328065948
676298633337,2020-04-01,dining_cooling,7.0,2.0,144.49111479437883
4079773899158,2020-04-01,dining_cooling,6.0,0.0,322.5043425188509
4605902936394,2020-04-01,dining_cooling,4.0,1.0,479.12896500776594
4658117080136,2020-04-01,dining_cooling,4.0,1.0,93.07411345584867
4900628639996,2020-04-01,dining_cooling,13.0,6.0,480.1563463386245
30153452207526,2020-04-01,dining_cooling,7.0,5.0,90.38126301445584
30175986190993,2020-04-01,dining_cooling,5.0,2.0,238.6483395252645
30197398657930,2020-04-01,dining_cooling,7.0,4.0,93.97011774236387
30199621383748,2020-04-01,dining_cooling,10.0,5.0,662.3664903472937
30248898834493,2020-04-01,dining_cooling,4.0,2.0,14.641274312829921
30487648872433,2020-04-01,dining_cooling,4.0,2.0,263.2108251514901
38530489946071,2020-04-01,dining_cooling,8.0,3.0,45.52423190637272
180046765320457,2020-04-01,dining_cooling,4.0,2.0,115.1294911761631
180056173248083,2020-04-01,dining_cooling,5.0,2.0,310.21879927681834
180072527505094,2020-04-01,dining_cooling,7.0,5.0,349.19076348790384
213186880359195,2020-04-01,dining_cooling,6.0,0.0,542.8378878209859
343668971234893,2020-04-01,dining_cooling,8.0,3.0,398.78229659036987
370612217861404,2020-04-01,dining_cooling,7.0,3.0,704.4027076022612
374497717543058,2020-04-01,dining_cooling,7.0,5.0,491.65098650472004
374821819075109,2020-04-01,dining_cooling,6.0,1.0,660.6359783957492
375974680629816,2020-04-01,dining_cooling,8.0,3.0,164.95594533217823
2235613922823698,2020-04-01,dining_cooling,7.0,2.0,63.81865380890957
2248735346244816,2020-04-01,dining_cooling,7.0,5.0,502.66993633532473
2450829271795901,2020-04-01,dining_cooling,7.0,1.0,612.884801186705
3518234918950662,2020-04-01,dining_cooling,12.0,7.0,659.0946269095516
3547560454237873,2020-04-01,dining_cooling,4.0,1.0,320.283311695105
3547574373318979,2020-04-01,dining_cooling,5.0,3.0,154.90786718240776
3565423334076143,2020-04-01,dining_cooling,5.0,2.0,523.71906503003
3567879740649740,2020-04-01,dining_cooling,9.0,3.0,593.0975923411404
3568736585751727,2020-04-01,dining_cooling,7.0,1.0,509.28482345083273
3575789281659026,2020-04-01,dining_cooling,12.0,8.0,231.1670436993862
3576431665303017,2020-04-01,dining_cooling,13.0,7.0,452.5278841943474
3598634130286287,2020-04-01,dining_cooling,4.0,1.0,82.35259240283591
4048508450704760,2020-04-01,dining_cooling,4.0,2.0,0.0
4302475216404898,2020-04-01,dining_cooling,5.0,3.0,183.0359137707655
4328928491302401,2020-04-01,dining_cooling,6.0,4.0,165.00250426371474
4342532437704183,2020-04-01,dining_cooling,5.0,3.0,27.830683519448996
4446368897795790,2020-04-01,dining_cooling,11.0,6.0,593.0203616069875
4474324669797121,2020-04-01,dining_cooling,6.0,2.0,107.08970689678307
4683520018489354,2020-04-01,dining_cooling,7.0,2.0,449.9752673170655
4740713119940984,2020-04-01,dining_cooling,5.0,2.0,285.0409956356947
6011492816282597,2020-04-01,dining_cooling,5.0,2.0,0.0
6011542681743618,2020-04-01,dining_cooling,9.0,3.0,453.6268299798551
6526955903501879,2020-04-01,dining_cooling,5.0,2.0,749.8279509867305
6592243974328236,2020-04-01,dining_cooling,9.0,1.0,303.620764196064
4044436772018844508,2020-04-01,dining_cooling,4.0,0.0,445.72101314656516
4390966588600992777,2020-04-01,dining_cooling,7.0,4.0,587.4935951684165
4457732997086323466,2020-04-01,dining_cooling,10.0,7.0,370.5913542812849
4469777115158234880,2020-04-01,dining_cooling,8.0,5.0,371.9949975616759
4502539526809429801,2020-04-01,dining_cooling,4.0,2.0,337.31663614782326
4646845581490336108,2020-04-01,dining_cooling,15.0,5.0,1013.2157291126273
4897067971111209737,2020-04-01,dining_cooling,7.0,3.0,424.93825484647164
4906628655840914250,2020-04-01,dining_cooling,9.0,6.0,0.0
503848303379,2020-04-01,travel_drop,493.64,32.28,334.162700941479
630471368021,2020-04-01,travel_drop,1388.55,503.67,527.0892828625933
4239436242473,2020-04-01,travel_drop,240.87,27.75,151.05449999143917
4476840372112,2020-04-01,travel_drop,923.8199999999999,20.490000000000002,665.2872789558323
4755696071492,2020-04-01,travel_drop,3021.82,69.97999999999999,2173.2010277914674
4862293128558,2020-04-01,travel_drop,632.48,97.52999999999999,371.97749431056366
180040027502291,2020-04-01,travel_drop,206.89,4.59,148.9902009516704
180042946491150,2020-04-01,travel_drop,350.67999999999995,22.310000000000002,238.00951698840822
180094419304907,2020-04-01,travel_drop,1528.7,51.870000000000005,1082.926525664936
213193596103206,2020-04-01,travel_drop,10100.419999999998,3642.4700000000003,3855.3526753166925
340953839692349,2020-04-01,travel_drop,1522.31,64.94,1065.1130509485106
348789608637806,2020-04-01,travel_drop,407.69,61.410000000000004,241.22962553040995
372509258176510,2020-04-01,travel_drop,599.6700000000001,31.029999999999998,414.121718810422
374125201044065,2020-04-01,travel_drop,5111.78,46.199999999999996,3748.41646102146
375767678113375,2020-04-01,travel_drop,14279.720000000001,34.7,10565.533298533457
375904527651269,2020-04-01,travel_drop,503.08,21.02,352.4302754834277
376012912828093,2020-04-01,travel_drop,258.6,19.16,172.80597209194244
2229378226512508,2020-04-01,travel_drop,7368.469999999999,2708.09,2761.7302102873737
3501509250702469,2020-04-01,travel_drop,1503.71,40.03,1076.2157536518746
3527536963490470,2020-04-01,travel_drop,1446.1999999999998,63.5,1010.0544812040491
3538520143479972,2020-04-01,travel_drop,246.12,84.72,97.98172100258651
3549202406645667,2020-04-01,travel_drop,1795.2199999999998,96.76000000000002,1235.8817340251233
3556613125071656,2020-04-01,travel_drop,3448.91,92.57,2467.651812867831
3576281490078437,2020-04-01,travel_drop,3438.02,499.96,2052.177862998994
3576431665303017,2020-04-01,travel_drop,423.82,16.93,297.6833731322778
3596217206093829,2020-04-01,travel_drop,1043.4499999999998,60.529999999999994,714.0519550631759
4116554952971686,2020-04-01,travel_drop,1667.1100000000001,18.020000000000003,1219.5221180750123
4378993458389626,2020-04-01,travel_drop,231.09999999999997,25.189999999999998,146.3619572716469
4424338559877976,2020-04-01,travel_drop,2274.8900000000003,78.98,1609.7341154378923
4474324669797121,2020-04-01,travel_drop,3828.4399999999996,28.610000000000003,2813.347487222258
4501449508569485,2020-04-01,travel_drop,3092.17,941.56,1353.8437893408418
4570636521433188,2020-04-01,travel_drop,547.68,27.89,378.66809588288874
4658490815480264,2020-04-01,travel_drop,407.6,19.85,282.72281602736166
4826655832045236,2020-04-01,travel_drop,932.48,92.61000000000001,599.5958378046963
5456776410929288,2020-04-01,travel_drop,2281.8899999999994,63.06,1630.8504101194214
6011305591981276,2020-04-01,travel_drop,485.15,53.39,306.750337820595
6011693194885790,2020-04-01,travel_drop,3578.2700000000004,159.85000000000002,2496.3993385825015
6011860238257910,2020-04-01,travel_drop,253.73999999999998,38.47,149.88825892733746
6502195877055606,2020-04-01,travel_drop,4655.110000000001,1640.17,1815.4476192765746
6547670341037171,2020-04-01,travel_drop,1552.08,86.53999999999999,1065.6121499012452
4220495028289516646,2020-04-01,travel_drop,1894.28,543.9499999999999,862.2267270468859
4379260813815979609,2020-04-01,travel_drop,210.26999999999998,20.520000000000003,135.56926895503761
4599735407877245080,2020-04-01,travel_drop,274.97,37.56999999999999,166.54787836860564
4666314527820883145,2020-04-01,travel_drop,3066.77,1070.51,1206.038662925005
560881134780,2020-05-01,dining_cooling,4.0,1.0,205.2427912078669
561942763351,2020-05-01,dining_cooling,8.0,3.0,308.51015495882064
676118385837,2020-05-01,dining_cooling,4.0,2.0,40.38258452075638
676148621961,2020-05-01,dining_cooling,6.0,3.0,69.42175153213478
676308307625,2020-05-01,dining_cooling,5.0,1.0,31.886536028348672
4294930380592,2020-05-01,dining_cooling,10.0,3.0,216.48686271820253
4383521454815,2020-05-01,dining_cooling,6.0,1.0,178.73075207849652
4440581794652,2020-05-01,dining_cooling,5.0,2.0,53.65045507870349
4745996322265,2020-05-01,dining_cooling,23.0,10.0,1020.360596893627
4988304376504,2020-05-01,dining_cooling,11.0,3.0,559.4841155583455
30042378430132,2020-05-01,dining_cooling,5.0,1.0,215.40872317053405
30150717898388,2020-05-01,dining_cooling,12.0,4.0,596.9027019116354
30242921189660,2020-05-01,dining_cooling,5.0,2.0,0.0
30328384440870,2020-05-01,dining_cooling,8.0,3.0,149.85375094763694
30518196150127,2020-05-01,dining_cooling,5.0,2.0,0.0
30561214688470,2020-05-01,dining_cooling,12.0,6.0,0.0
36153880429415,2020-05-01,dining_cooling,7.0,3.0,216.52831873293297
38057513087029,2020-05-01,dining_cooling,10.0,5.0,37.00271209075545
180084695172649,2020-05-01,dining_cooling,4.0,1.0,134.0917566428388
213107169859697,2020-05-01,dining_cooling,4.0,2.0,150.2943375352798
213114122496591,2020-05-01,dining_cooling,4.0,2.0,0.0
213120463918358,2020-05-01,dining_cooling,5.0,1.0,301.77882569523877
213161869125933,2020-05-01,dining_cooling,11.0,3.0,399.0583070291363
213163860545705,2020-05-01,dining_cooling,8.0,3.0,316.73256212961434
213173753804333,2020-05-01,dining_cooling,7.0,1.0,457.54930203560883
213199865312311,2020-05-01,dining_cooling,9.0,2.0,463.6516124559397
342319985983023,2020-05-01,dining_cooling,8.0,4.0,209.4719081286566
343746486082492,2020-05-01,dining_cooling,8.0,4.0,94.71484418696053
345389171551808,2020-05-01,dining_cooling,10.0,5.0,300.36925225564505
370877495212014,2020-05-01,dining_cooling,12.0,4.0,610.7089204973754
373905417449658,2020-05-01,dining_cooling,14.0,7.0,634.5009533865663
2283743876903625,2020-05-01,dining_cooling,12.0,6.0,329.86711489342326
2286236465059468,2020-05-01,dining_cooling,9.0,4.0,387.36903963898
3501942333500073,2020-05-01,dining_cooling,16.0,7.0,154.74316650592078
3502088871723054,2020-05-01,dining_cooling,13.0,5.0,446.0059122256774
3536818734263520,2020-05-01,dining_cooling,5.0,1.0,238.61720091425246
3557442674264531,2020-05-01,dining_cooling,7.0,3.0,93.6500306642239
3559679414981506,2020-05-01,dining_cooling,8.0,1.0,483.3024118155601
3579200383632826,2020-05-01,dining_cooling,4.0,2.0,143.9349579072364
3583635130604947,2020-05-01,dining_cooling,13.0,3.0,671.9751529328383
3592325941359225,2020-05-01,dining_cooling,6.0,1.0,330.84538809595796
3597980945245815,2020-05-01,dining_cooling,6.0,3.0,324.5826882172246
4070511711385545,2020-05-01,dining_cooling,7.0,2.0,501.02794179717785
4266200684857219,2020-05-01,dining_cooling,4.0,1.0,69.25792923224263
4308156300921054,2020-05-01,dining_cooling,4.0,1.0,187.40643615779626
4334230547694630,2020-05-01,dining_cooling,9.0,3.0,296.4856785026583
4424338559877976,2020-05-01,dining_cooling,13.0,5.0,846.8031584727277
4452366298769043,2020-05-01,dining_cooling,12.0,2.0,479.870003825916
4634955908138648,2020-05-01,dining_cooling,11.0,4.0,0.0
4657269323674365,2020-05-01,dining_cooling,5.0,1.0,469.19274903744696
4707867759656333,2020-05-01,dining_cooling,8.0,3.0,150.97674848970127
4713464490314802,2020-05-01,dining_cooling,4.0,1.0,197.5887561359972
4727244663135968,2020-05-01,dining_cooling,12.0,3.0,842.5456856462647
4777065439639721,2020-05-01,dining_cooling,11.0,5.0,343.82096274683545
4839615922685395,2020-05-01,dining_cooling,10.0,3.0,400.7001035411558
4873783502705038,2020-05-01,dining_cooling,12.0,6.0,388.4820866503831
4922710831011201,2020-05-01,dining_cooling,5.0,1.0,298.3917762668042
6011149206456997,2020-05-01,dining_cooling,4.0,2.0,107.58337120241711
6011197122270059,2020-05-01,dining_cooling,5.0,0.0,40.483512932764455
6515067575568369,2020-05-01,dining_cooling,6.0,1.0,85.70388378365249
6524376634971418,2020-05-01,dining_cooling,6.0,3.0,231.02205333200675
6528911529051375,2020-05-01,dining_cooling,7.0,3.0,208.35151156893613
6540981358631302,2020-05-01,dining_cooling,5.0,1.0,245.9612424239022
6593250708747804,2020-05-01,dining_cooling,5.0,1.0,207.83976432865478
4292902571056973207,2020-05-01,dining_cooling,15.0,7.0,201.5913164303099
4410582919485061752,2020-05-01,dining_cooling,9.0,2.0,428.4475254581796
4584931703207308232,2020-05-01,dining_cooling,8.0,3.0,436.6197955011045
4666314527820883145,2020-05-01,dining_cooling,6.0,3.0,198.35837838139162
4797297220948468262,2020-05-01,dining_cooling,21.0,8.0,272.5123427645442
676245600876,2020-05-01,travel_drop,1613.77,52.349999999999994,1432.2631306595501
676275912597,2020-05-01,travel_drop,3171.12,1449.75,1467.571793624316
4169388510116,2020-05-01,travel_drop,5499.4,179.17,4880.089653326762
30082025922891,2020-05-01,travel_drop,1268.76,548.24,618.9757467641675
30560609640617,2020-05-01,travel_drop,533.19,49.64,440.87653899648996
180011453250192,2020-05-01,travel_drop,10475.81,3476.6499999999996,6160.7364183214595
342360239917375,2020-05-01,travel_drop,265.96000000000004,29.54,215.13409124609703
375848982312810,2020-05-01,travel_drop,2453.49,105.58999999999999,2151.5367714370072
2358122155477959,2020-05-01,travel_drop,1501.22,11.780000000000001,1369.290985337892
3525668150756629,2020-05-01,travel_drop,5551.45,1438.7,3668.4438706878673
3579200383632826,2020-05-01,travel_drop,2228.8199999999997,0.0,2050.438066066799
3583635130604947,2020-05-01,travel_drop,3831.07,996.21,2528.2431912700586
3585052663373890,2020-05-01,travel_drop,4477.24,1826.45,2292.4574608613148
3599237318576484,2020-05-01,travel_drop,517.53,41.57,434.5398753293449
4099707841315751,2020-05-01,travel_drop,12142.609999999999,96.35999999999999,11074.425332778497
4147608975828480,2020-05-01,travel_drop,2952.2300000000005,23.25,2692.7004902972817
4179719215697782,2020-05-01,travel_drop,956.26,18.200000000000003,861.5264494472578
4384910379661778,2020-05-01,travel_drop,13695.78,1018.32,11581.328538902355
4488941175228467,2020-05-01,travel_drop,389.46,24.34,333.9498615457397
4555104582813474,2020-05-01,travel_drop,2683.66,553.4,1915.4752884399932
4586810168620942,2020-05-01,travel_drop,313.29999999999995,98.72999999999999,189.49526991804098
4873783502705038,2020-05-01,travel_drop,3010.8199999999997,41.72,2728.131283672634
6597888193422452,2020-05-01,travel_drop,6401.16,52.03999999999999,5836.8079693219515
4502539526809429801,2020-05-01,travel_drop,1196.95,34.49,1066.6630061551202
4512828414983801773,2020-05-01,travel_drop,1887.93,189.03999999999996,1547.7909410672428
4956828990005111019,2020-05-01,travel_drop,4430.59,52.480000000000004,4023.5110585578464
501831082224,2020-06-01,dining_cooling,5.0,2.0,254.4430000646245
577588686219,2020-06-01,dining_cooling,17.0,10.0,106.59624509263062
676173792455,2020-06-01,dining_cooling,9.0,4.0,394.02448580175474
4306630852918,2020-06-01,dining_cooling,7.0,2.0,495.8043851485793
30181367542315,2020-06-01,dining_cooling,4.0,0.0,145.52174148124323
30230540139182,2020-06-01,dining_cooling,8.0,4.0,361.5451953192608
30408301059761,2020-06-01,dining_cooling,4.0,1.0,511.2246282063732
30442439074871,2020-06-01,dining_cooling,11.0,5.0,117.65767192802849
38544312728630,2020-06-01,dining_cooling,4.0,2.0,270.52377015207077
180048185037117,2020-06-01,dining_cooling,16.0,10.0,900.6334362657647
180081032825079,2020-06-01,dining_cooling,4.0,2.0,193.40427681370826
213153151785052,2020-06-01,dining_cooling,8.0,4.0,0.0
213154573301411,2020-06-01,dining_cooling,10.0,4.0,537.372153562538
340103199302564,2020-06-01,dining_cooling,4.0,2.0,281.3266328167004
378904938837132,2020-06-01,dining_cooling,5.0,2.0,122.73668022556157
2254917871818484,2020-06-01,dining_cooling,12.0,5.0,600.9697042319965
2297447006766555,2020-06-01,dining_cooling,8.0,5.0,358.40370082567665
2318062975163331,2020-06-01,dining_cooling,9.0,2.0,963.0991649907845
2348245054386329,2020-06-01,dining_cooling,11.0,7.0,542.3814807325064
2706977570537524,2020-06-01,dining_cooling,7.0,4.0,293.7485627399401
3533800906065217,2020-06-01,dining_cooling,5.0,3.0,0.0
3540075240003197,2020-06-01,dining_cooling,11.0,7.0,53.863055095836444
3567697931646329,2020-06-01,dining_cooling,15.0,5.0,28.89306784150051
3582402971899057,2020-06-01,dining_cooling,5.0,1.0,395.7633075035337
3587960728692500,2020-06-01,dining_cooling,17.0,11.0,394.99809091953455
3596357274378601,2020-06-01,dining_cooling,11.0,7.0,242.12389838019698
3598304579370089,2020-06-01,dining_cooling,11.0,6.0,607.7536700329999
4003771737807706,2020-06-01,dining_cooling,6.0,2.0,260.51755465866864
4129767952109660,2020-06-01,dining_cooling,5.0,3.0,0.0
4306586894261180,2020-06-01,dining_cooling,6.0,3.0,372.8378842524906
4488941175228467,2020-06-01,dining_cooling,7.0,1.0,427.76778896000855
4509142395811241,2020-06-01,dining_cooling,8.0,4.0,507.14569656085985
4682744518117239,2020-06-01,dining_cooling,4.0,1.0,245.97952829828424
4914700582394237,2020-06-01,dining_cooling,6.0,1.0,585.0991024559119
5559857416065248,2020-06-01,dining_cooling,9.0,5.0,605.5175385765887
6011104316292105,2020-06-01,dining_cooling,17.0,6.0,284.6661097169132
6011148190095209,2020-06-01,dining_cooling,9.0,5.0,386.1707578165417
6011382886333463,2020-06-01,dining_cooling,5.0,2.0,382.7532434784881
6011552879910390,2020-06-01,dining_cooling,9.0,3.0,532.5330699251232
6011681934117244,2020-06-01,dining_cooling,8.0,3.0,425.8352117574104
6011706277606006,2020-06-01,dining_cooling,4.0,0.0,287.92261228120975
6011934240159560,2020-06-01,dining_cooling,5.0,3.0,203.2486046694182
4018105808392773675,2020-06-01,dining_cooling,5.0,2.0,377.33784196694285
4210078554961359092,2020-06-01,dining_cooling,5.0,2.0,320.6705217283039
4225990116481262579,2020-06-01,dining_cooling,7.0,4.0,419.30457174433315
4255397449664185994,2020-06-01,dining_cooling,5.0,2.0,286.2917746542673
4400011257587661852,2020-06-01,dining_cooling,8.0,5.0,0.0
4467456915153312231,2020-06-01,dining_cooling,7.0,1.0,574.8469568124493
4497913965512794052,2020-06-01,dining_cooling,8.0,5.0,535.6231669451581
4855853415727304322,2020-06-01,dining_cooling,4.0,1.0,273.08282454632695
4956828990005111019,2020-06-01,dining_cooling,15.0,4.0,466.2120144943352
60427851591,2020-06-01,travel_drop,2617.1899999999996,1590.88,2282.927083368968
581508178315,2020-06-01,travel_drop,1593.7,912.3900000000001,1446.5087993860304
630441765090,2020-06-01,travel_drop,12562.820000000002,2820.3300000000004,15774.399883229476
676234256292,2020-06-01,travel_drop,2552.98,1469.6499999999999,2309.1173068058906
4807552641361,2020-06-01,travel_drop,2318.2599999999998,23.94,3407.4088929313284
30026790933302,2020-06-01,travel_drop,6726.639999999999,4518.1900000000005,5438.177584803943
180018375329178,2020-06-01,travel_drop,431.39,119.11,519.4075083561145
180046765320457,2020-06-01,travel_drop,272.39,55.92,347.2552801435407
180081032825079,2020-06-01,travel_drop,528.74,95.27999999999999,687.329117893813
213125815021702,2020-06-01,travel_drop,1941.0600000000002,40.41,2832.6301603415004
213163860545705,2020-06-01,travel_drop,3421.6899999999996,1875.98,3188.5995525325884
340103199302564,2020-06-01,travel_drop,1356.96,42.15,1966.3405031153088
340951438290556,2020-06-01,travel_drop,229.62,39.03,300.83970089415845
346273234529002,2020-06-01,travel_drop,200.70000000000002,64.97999999999999,232.08405787587148
374656033243756,2020-06-01,travel_drop,1264.64,23.299999999999997,1848.5439967720085
379141394109214,2020-06-01,travel_drop,2130.6299999999997,25.3,3128.3302622424903
2233882705243596,2020-06-01,travel_drop,5757.58,54.51,8467.513310139311
2254917871818484,2020-06-01,travel_drop,2776.34,32.51,4076.8613325515544
2283743876903625,2020-06-01,travel_drop,269.34999999999997,85.12,313.55565515130024
2286236465059468,2020-06-01,travel_drop,4010.5200000000004,2110.09,3826.040271013154
2291163933867244,2020-06-01,travel_drop,730.54,57.169999999999995,1024.1313295497712
2706977570537524,2020-06-01,travel_drop,6628.62,3530.23,6281.054281600194
3511378610369890,2020-06-01,travel_drop,3873.7600000000007,61.459999999999994,5672.24635195434
3513506355699497,2020-06-01,travel_drop,391.43,61.519999999999996,517.8511219449545
3513618443244549,2020-06-01,travel_drop,1354.6200000000001,78.44,1926.586975983124
3523898249167098,2020-06-01,travel_drop,290.2,66.12,363.4165699829491
3534330126107879,2020-06-01,travel_drop,7353.47,4963.129999999999,5921.033615687516
3536918668124647,2020-06-01,travel_drop,274.86,15.809999999999999,391.02122544973605
3540017235499519,2020-06-01,travel_drop,1014.8799999999999,470.32,1031.844280304257
3542162746848552,2020-06-01,travel_drop,1122.01,12.55,1648.181657086729
3554818239968984,2020-06-01,travel_drop,1018.94,0.0,1508.1736478925782
3558652751678952,2020-06-01,travel_drop,2569.1600000000003,23.43,3779.2859687711707
3559723917628303,2020-06-01,travel_drop,2394.33,1449.59,2094.3531275233445
3577578023716568,2020-06-01,travel_drop,10037.16,26.53,14829.869995761743
4003989662068504,2020-06-01,travel_drop,1972.5700000000002,127.35,2792.329365441992
4048508450704760,2020-06-01,travel_drop,871.5500000000001,42.839999999999996,1247.1758427589227
4430881574719618,2020-06-01,travel_drop,4028.0899999999997,117.05000000000001,5845.0863273005425
4433091568498503,2020-06-01,travel_drop,7712.39,20.2,11395.2153927319
4653879239169997,2020-06-01,travel_drop,1387.02,202.39999999999998,1850.583505505686
4836998673805450,2020-06-01,travel_drop,5467.969999999999,85.13999999999999,8008.220022638408
6011492816282597,2020-06-01,travel_drop,930.1199999999999,40.87,1335.8376308495542
6011724471098086,2020-06-01,travel_drop,965.78,29.340000000000003,1400.1494161203743
6538441737335434,2020-06-01,travel_drop,532.73,100.72999999999999,687.7848756961286
4063094974360571498,2020-06-01,travel_drop,566.76,28.549999999999997,810.3340330928196
4102003771126577611,2020-06-01,travel_drop,1388.0,579.7300000000001,1474.7040425097634
4255397449664185994,2020-06-01,travel_drop,5966.33,38.47,8792.53249340582
4312133045694601139,2020-06-01,travel_drop,237.70000000000002,63.050000000000004,288.77923047879744
4488258847705225890,2020-06-01,travel_drop,4115.74,55.970000000000006,6035.900580777474
4810789809665942990,2020-06-01,travel_drop,723.53,341.85,729.075549551217
4890424426862856940,2020-06-01,travel_drop,4406.63,301.19,6221.2384472224785
4958589671582726883,2020-06-01,travel_drop,4390.799999999999,78.75999999999999,6420.237834187225
60487002085,2020-07-01,dining_cooling,5.0,0.0,48.56305365421648
502012776709,2020-07-01,dining_cooling,10.0,5.0,177.0614567639252
502038091380,2020-07-01,dining_cooling,9.0,5.0,297.2177358864859
573860193545,2020-07-01,dining_cooling,11.0,6.0,0.0
4600155880464,2020-07-01,dining_cooling,4.0,0.0,304.6227911037215
4788103653396,2020-07-01,dining_cooling,8.0,2.0,421.0980190187511
4957924165498,2020-07-01,dining_cooling,7.0,2.0,372.2555010992113
30074693890476,2020-07-01,dining_cooling,13.0,5.0,742.208262114912
30118423745458,2020-07-01,dining_cooling,14.0,7.0,151.3032564400313
30248898834493,2020-07-01,dining_cooling,6.0,0.0,200.68953515123016
30373802285317,2020-07-01,dining_cooling,4.0,2.0,81.26427748336334
30404291151692,2020-07-01,dining_cooling,6.0,3.0,226.45849389178278
38580485618059,2020-07-01,dining_cooling,7.0,3.0,179.88387317629022
180068353086472,2020-07-01,dining_cooling,4.0,1.0,295.150617223799
213113028819344,2020-07-01,dining_cooling,7.0,4.0,693.9573116070674
213174467670432,2020-07-01,dining_cooling,7.0,4.0,48.71660285464873
213178850083780,2020-07-01,dining_cooling,9.0,5.0,368.07587548585525
213186551511454,2020-07-01,dining_cooling,4.0,0.0,170.6756726238622
341546199006537,2020-07-01,dining_cooling,6.0,3.0,185.14711869315812
343472729187663,2020-07-01,dining_cooling,5.0,1.0,221.2171691953576
343668971234893,2020-07-01,dining_cooling,9.0,4.0,432.3428421086967
347073228412010,2020-07-01,dining_cooling,7.0,4.0,256.6941058063562
349612764943496,2020-07-01,dining_cooling,10.0,4.0,479.7877461392819
374125201044065,2020-07-01,dining_cooling,9.0,3.0,899.2894755693775
375974680629816,2020-07-01,dining_cooling,11.0,4.0,187.8142773767139
377234009633447,2020-07-01,dining_cooling,8.0,3.0,420.6190299921144
2224100459250597,2020-07-01,dining_cooling,4.0,1.0,10.03671397472327
2475085306462014,2020-07-01,dining_cooling,8.0,3.0,348.4580391434528
2720830304681674,2020-07-01,dining_cooling,5.0,2.0,180.24313483862628
3540210836308425,2020-07-01,dining_cooling,12.0,7.0,425.73386362433286
3554849923339851,2020-07-01,dining_cooling,4.0,1.0,221.44928245740505
3562679455732797,2020-07-01,dining_cooling,5.0,1.0,389.20691683671623
3573030041201292,2020-07-01,dining_cooling,11.0,4.0,265.1470480205499
3573386445588324,2020-07-01,dining_cooling,6.0,2.0,153.40809950232227
3585052663373890,2020-07-01,dining_cooling,4.0,0.0,463.09413610767587
3587044315915002,2020-07-01,dining_cooling,8.0,2.0,431.3664516984695
4179719215697782,2020-07-01,dining_cooling,4.0,1.0,166.84180008746802
4228411452607671,2020-07-01,dining_cooling,4.0,0.0,101.87608709231752
4254074738931278,2020-07-01,dining_cooling,6.0,2.0,412.87668426759285
4839043708100390,2020-07-01,dining_cooling,7.0,3.0,65.60129433416299
5152054598359927,2020-07-01,dining_cooling,12.0,4.0,643.9031860264288
5580563567307107,2020-07-01,dining_cooling,9.0,3.0,447.96394422978904
6011626928491360,2020-07-01,dining_cooling,7.0,2.0,426.57616858143984
6511349151405438,2020-07-01,dining_cooling,7.0,2.0,338.01291264418404
6517217825320610,2020-07-01,dining_cooling,10.0,5.0,371.50316565795737
6534628260579800,2020-07-01,dining_cooling,15.0,8.0,0.0
6538891242532018,2020-07-01,dining_cooling,16.0,9.0,568.7202644549479
6547670341037171,2020-07-01,dining_cooling,7.0,4.0,289.7836001292293
6597888193422452,2020-07-01,dining_cooling,10.0,5.0,223.34799869598635
4497451418073897078,2020-07-01,dining_cooling,7.0,4.0,210.38410571494245
4989847570577635369,2020-07-01,dining_cooling,7.0,1.0,376.2702128862548
502012776709,2020-07-01,travel_drop,1690.98,271.09000000000003,2012.0500637707637
571844099986,2020-07-01,travel_drop,786.9300000000001,60.83,1001.6730517115087
630424987505,2020-07-01,travel_drop,4934.98,55.56,6607.588323402667
4195740185974,2020-07-01,travel_drop,1637.67,71.91,2139.2515679874787
4760122961662,2020-07-01,travel_drop,469.75,50.84,583.4105795197555
4988304376504,2020-07-01,travel_drop,2784.42,419.09000000000003,3340.3990870173448
30263540414123,2020-07-01,travel_drop,614.4999999999999,45.92,783.770220574539
30270432095985,2020-07-01,travel_drop,1241.6799999999998,98.75,1577.750818686727
30290551782700,2020-07-01,travel_drop,2647.46,34.06,3540.507406610691
30404291151692,2020-07-01,travel_drop,208.37,1.29,280.0485699936806
36153880429415,2020-07-01,travel_drop,15318.27,61.36000000000001,20621.176721107156
180048185037117,2020-07-01,travel_drop,482.09000000000003,75.68,575.2318933063948
180056173248083,2020-07-01,travel_drop,3942.12,939.34,4383.261159204723
213141712584544,2020-07-01,travel_drop,2233.3100000000004,53.12,2962.2672522560206
213154573301411,2020-07-01,travel_drop,4504.22,2436.2400000000002,3645.3015546236797
213161293389774,2020-07-01,travel_drop,620.7800000000001,60.67,777.4993980931856
344709867813900,2020-07-01,travel_drop,619.92,133.14999999999998,703.8582368406319
370348764075623,2020-07-01,travel_drop,994.5300000000001,28.59,1314.2119773279032
370877495212014,2020-07-01,travel_drop,1633.0,358.82,1846.0361923486128
373043435942726,2020-07-01,travel_drop,3026.64,2040.5499999999997,2045.9815039865312
376656886990758,2020-07-01,travel_drop,6047.03,372.58000000000004,7792.044336079504
2576709887791552,2020-07-01,travel_drop,210.14,72.01,211.718401873936
3502088871723054,2020-07-01,travel_drop,4634.75,137.22,6120.561529386242
3506040590383211,2020-07-01,travel_drop,5326.02,2430.07,4761.055644563723
3519607465576254,2020-07-01,travel_drop,4488.089999999999,76.33,5983.433030200787
3533012926413100,2020-07-01,travel_drop,8013.49,1209.41,9610.304053168209
3541160328600277,2020-07-01,travel_drop,1470.2399999999998,36.05,1949.0496743653546
3544606805704278,2020-07-01,travel_drop,1824.24,8.75,2454.316050416432
3545109339866548,2020-07-01,travel_drop,532.11,153.66,564.7882722049114
3546674063249004,2020-07-01,travel_drop,232.09,19.369999999999997,293.9950175641087
3566875419572867,2020-07-01,travel_drop,4384.59,2950.74,2969.2786236434813
3586008444788268,2020-07-01,travel_drop,7512.82,63.46000000000001,10080.255676056648
3586955669388457,2020-07-01,travel_drop,4153.8099999999995,1951.95,3656.472351708261
3587044315915002,2020-07-01,travel_drop,7739.24,3804.7100000000005,6644.71513047892
3589255887819806,2020-07-01,travel_drop,441.89000000000004,197.76,398.8743556870353
4155021259183870,2020-07-01,travel_drop,1990.73,51.0,2636.858767785765
4344955088481397,2020-07-01,travel_drop,5756.78,2518.81,5253.922413342711
4449530933957323,2020-07-01,travel_drop,812.23,98.99,997.6727955366282
4683520018489354,2020-07-01,travel_drop,1170.96,53.900000000000006,1527.1155584767491
4839615922685395,2020-07-01,travel_drop,688.7,65.75999999999999,864.1141332948498
5152054598359927,2020-07-01,travel_drop,1006.15,51.12,1307.3711561124046
5456712664803820,2020-07-01,travel_drop,1418.85,70.14,1845.5735385877701
6011148190095209,2020-07-01,travel_drop,1284.9,31.72,1703.1359225650538
6011149206456997,2020-07-01,travel_drop,2591.3199999999997,980.43,2518.337880194003
6011581063717667,2020-07-01,travel_drop,1652.79,18.89,2212.6864030323723
6538891242532018,2020-07-01,travel_drop,1817.2399999999998,38.06,2415.5547378956476
6569097840281287,2020-07-01,travel_drop,1206.43,32.94,1595.966709207065
4018105808392773675,2020-07-01,travel_drop,7872.49,13.04,10616.297615249558
4040099974063068803,2020-07-01,travel_drop,5412.959999999999,3370.4399999999996,3938.070946071859
4181833256558613886,2020-07-01,travel_drop,213.29000000000002,120.73,167.25149250828883
4390966588600992777,2020-07-01,travel_drop,2408.7900000000004,48.78,3203.5381552770455
4560395181594436016,2020-07-01,travel_drop,2091.98,862.8499999999999,1961.7152524613907
4761403817546679245,2020-07-01,travel_drop,1864.86,73.86000000000001,2444.050666787038
60427851591,2020-08-01,dining_cooling,4.0,2.0,129.66350223023275
501802953619,2020-08-01,dining_cooling,11.0,4.0,41.62966963340244
502049568400,2020-08-01,dining_cooling,5.0,2.0,281.0741677099436
565399283797,2020-08-01,dining_cooling,5.0,1.0,240.05321943193493
567868110212,2020-08-01,dining_cooling,13.0,6.0,306.98230632756224
676148621961,2020-08-01,dining_cooling,4.0,2.0,144.63476763034566
676308307625,2020-08-01,dining_cooling,5.0,1.0,178.99812955994315
676314217768,2020-08-01,dining_cooling,5.0,1.0,134.70536247265306
4169388510116,2020-08-01,dining_cooling,8.0,4.0,143.10245386187205
4189814094741,2020-08-01,dining_cooling,6.0,1.0,199.57439701201753
4440581794652,2020-08-01,dining_cooling,5.0,2.0,264.89419395024606
4481131401752,2020-08-01,dining_cooling,7.0,2.0,351.2641343603087
4562827002127,2020-08-01,dining_cooling,5.0,2.0,344.7343626053163
4601636330889,2020-08-01,dining_cooling,6.0,2.0,94.42450510297886
30103132002433,2020-08-01,dining_cooling,8.0,3.0,490.60380606639626
30150717898388,2020-08-01,dining_cooling,8.0,3.0,289.3718600766308
30273037698427,2020-08-01,dining_cooling,32.0,13.0,1113.088653308926
30328384440870,2020-08-01,dining_cooling,8.0,4.0,67.19439489788493
30434173205605,2020-08-01,dining_cooling,4.0,0.0,113.4858735159585
36360452125889,2020-08-01,dining_cooling,5.0,2.0,296.6146089656751
180017442990269,2020-08-01,dining_cooling,8.0,3.0,320.23371824636604
180018375329178,2020-08-01,dining_cooling,10.0,5.0,448.59340412967106
180046765320457,2020-08-01,dining_cooling,9.0,3.0,853.828667527591
213161231269724,2020-08-01,dining_cooling,11.0,5.0,549.6118396813577
213195754007681,2020-08-01,dining_cooling,8.0,4.0,46.84302957320938
340951438290556,2020-08-01,dining_cooling,11.0,3.0,455.1964297232996
345832460465610,2020-08-01,dining_cooling,19.0,9.0,653.6175191517731
346208242862904,2020-08-01,dining_cooling,5.0,1.0,415.5493393082522
348789608637806,2020-08-01,dining_cooling,7.0,3.0,516.5310409688968
372246459334925,2020-08-01,dining_cooling,8.0,4.0,166.08308306943331
376262134119629,2020-08-01,dining_cooling,8.0,4.0,40.41382430608951
376944481517097,2020-08-01,dining_cooling,4.0,2.0,65.93491199345658
2266735643685262,2020-08-01,dining_cooling,14.0,7.0,209.1451128167531
2268221587779419,2020-08-01,dining_cooling,5.0,1.0,158.38247315863154
2305336922781618,2020-08-01,dining_cooling,11.0,3.0,324.4555805200241
2512312531485080,2020-08-01,dining_cooling,8.0,1.0,576.0885758108745
2610529083834453,2020-08-01,dining_cooling,5.0,1.0,233.36987163810758
2713913904780408,2020-08-01,dining_cooling,12.0,5.0,473.49415336693653
3500165543009955,2020-08-01,dining_cooling,5.0,1.0,0.0
3506592072985012,2020-08-01,dining_cooling,12.0,4.0,290.85627930792253
3513285035244624,2020-08-01,dining_cooling,5.0,1.0,411.15093495062047
3519232971341141,2020-08-01,dining_cooling,6.0,2.0,244.96437272005815
3521815216091574,2020-08-01,dining_cooling,8.0,4.0,282.65465238860446
3540862542587229,2020-08-01,dining_cooling,4.0,0.0,110.75866083273223
3560336828629935,2020-08-01,dining_cooling,4.0,0.0,182.56469089922868
3565996340207976,2020-08-01,dining_cooling,5.0,2.0,96.36140468512922
3577578023716568,2020-08-01,dining_cooling,18.0,9.0,567.3438554172499
3597926034019603,2020-08-01,dining_cooling,7.0,3.0,120.05301949991497
4124536010991657,2020-08-01,dining_cooling,5.0,2.0,243.08469585298116
4155021259183870,2020-08-01,dining_cooling,10.0,5.0,392.580722872621
4171397999167005,2020-08-01,dining_cooling,9.0,1.0,506.8098280493887
4239552724014407,2020-08-01,dining_cooling,17.0,7.0,919.0363547332889
4425161475596168,2020-08-01,dining_cooling,4.0,0.0,254.15930912981617
4610050989831291,2020-08-01,dining_cooling,9.0,4.0,305.81717408970724
4634955908138648,2020-08-01,dining_cooling,13.0,4.0,134.61155514195366
4657269323674365,2020-08-01,dining_cooling,8.0,4.0,381.60099750452
5456712664803820,2020-08-01,dining_cooling,6.0,2.0,22.54032410709459
6011348830550197,2020-08-01,dining_cooling,18.0,9.0,0.0
6011366578560244,2020-08-01,dining_cooling,18.0,9.0,220.54158934141805
6011542681743618,2020-08-01,dining_cooling,14.0,3.0,748.9682121775369
6011581063717667,2020-08-01,dining_cooling,5.0,1.0,333.07848401126324
6524376634971418,2020-08-01,dining_cooling,9.0,4.0,529.3571225003793
6573561108825071,2020-08-01,dining_cooling,12.0,6.0,727.371652745147
4063094974360571498,2020-08-01,dining_cooling,7.0,3.0,0.0
4209696857872688515,2020-08-01,dining_cooling,5.0,0.0,262.19295889435864
4292743669224718067,2020-08-01,dining_cooling,12.0,6.0,435.0651845941178
4292902571056973207,2020-08-01,dining_cooling,19.0,9.0,73.20001807390372
4311368326621416041,2020-08-01,dining_cooling,6.0,2.0,0.0
4390966588600992777,2020-08-01,dining_cooling,10.0,5.0,176.528567685923
4710826438164847414,2020-08-01,dining_cooling,10.0,3.0,191.62672479191917
60423098130,2020-08-01,travel_drop,27139.44,30.82,32367.61211745601
501802953619,2020-08-01,travel_drop,233.69999999999996,30.13,248.855623352931
503848303379,2020-08-01,travel_drop,506.99,27.73,577.5028677094672
565399283797,2020-08-01,travel_drop,1503.8400000000001,508.15,1287.0992076297466
581293083266,2020-08-01,travel_drop,7713.9400000000005,3437.5699999999997,5771.152119842143
675909898057,2020-08-01,travel_drop,208.57000000000002,25.450000000000003,223.53601396115027
675990301623,2020-08-01,travel_drop,1882.17,64.93,2181.960760403022
676173792455,2020-08-01,travel_drop,2187.6800000000003,80.21000000000001,2531.3914912141213
4198470814557,2020-08-01,travel_drop,1119.54,102.31000000000002,1234.1708077387266
4294930380592,2020-08-01,travel_drop,877.1600000000001,227.66,819.4732023117543
4464457352619,2020-08-01,travel_drop,1552.34,50.60999999999999,1802.5373793568203
4658117080136,2020-08-01,travel_drop,6729.98,26.060000000000002,8008.03356205716
30343344410970,2020-08-01,travel_drop,12131.86,206.61,14276.122240181812
30407675418785,2020-08-01,travel_drop,1036.83,44.9,1192.8435338511742
30561214688470,2020-08-01,travel_drop,200.96000000000004,75.36000000000001,164.5413729953146
36913587729122,2020-08-01,travel_drop,216.22,43.47,214.6484059964516
180042946491150,2020-08-01,travel_drop,1431.1799999999998,65.44,1643.0693899454332
213114122496591,2020-08-01,travel_drop,1529.4699999999998,97.39999999999999,1728.4457053898473
213156747557083,2020-08-01,travel_drop,5418.389999999999,110.53,6357.817932046589
213186880359195,2020-08-01,travel_drop,5059.61,2563.9300000000003,3476.114714474639
370612217861404,2020-08-01,travel_drop,2264.49,45.65,2657.6454823554927
372520049757633,2020-08-01,travel_drop,1913.25,671.1400000000001,1612.8533413778143
377113842678100,2020-08-01,travel_drop,301.67999999999995,134.73,225.4085659097656
377993105397617,2020-08-01,travel_drop,1015.8599999999999,36.260000000000005,1176.450035683819
2280870154157385,2020-08-01,travel_drop,3040.46,0.0,3629.6304166865752
2285066385084291,2020-08-01,travel_drop,546.3500000000001,51.23,600.9899200636452
2475085306462014,2020-08-01,travel_drop,5489.110000000001,1884.29,4668.48182286182
2512312531485080,2020-08-01,travel_drop,203.85000000000002,47.51,195.84138776420622
3551217896304745,2020-08-01,travel_drop,210.71,79.24000000000001,172.30069617756138
3589289942931264,2020-08-01,travel_drop,6437.48,29.98,7654.933866589758
3593118134380341,2020-08-01,travel_drop,301.94,96.9,263.54894786129216
3598215285024754,2020-08-01,travel_drop,691.2099999999999,42.44,782.7104181334164
3598304579370089,2020-08-01,travel_drop,896.24,91.09,978.8204624468586
4005676619255478,2020-08-01,travel_drop,1959.7,71.93,2267.5142707947753
4306586894261180,2020-08-01,travel_drop,366.12000000000006,172.06999999999996,264.9955388188923
4365382885912355,2020-08-01,travel_drop,4387.99,2487.76,2750.520382612014
4482427013979020,2020-08-01,travel_drop,493.4,42.949999999999996,546.05944185852
4642255475285942,2020-08-01,travel_drop,4401.21,198.15,5055.9121110704045
4822367783500458,2020-08-01,travel_drop,3425.7599999999998,56.760000000000005,4032.8325933142355
4951647200979051,2020-08-01,travel_drop,2215.0,26.450000000000003,2617.765471659145
6011679934075347,2020-08-01,travel_drop,14253.65,136.96,16878.71578221868
6539653032686894,2020-08-01,travel_drop,2270.1800000000003,8.1,2701.988071986979
4210078554961359092,2020-08-01,travel_drop,293.93,50.69,300.19679620080024
4477156602511939689,2020-08-01,travel_drop,1368.68,28.89,1605.00834390539
4599735407877245080,2020-08-01,travel_drop,1174.21,41.79,1359.9545819308735
4861310130652566408,2020-08-01,travel_drop,2856.9100000000003,49.46000000000001,3361.0526966761754
4992346398065154184,2020-08-01,travel_drop,4719.459999999999,56.18000000000001,5577.801557506305
60490596305,2020-09-01,dining_cooling,8.0,3.0,116.11845614758501
501828204849,2020-09-01,dining_cooling,6.0,0.0,96.73899071511518
580954173374,2020-09-01,dining_cooling,10.0,3.0,128.49530099991262
584673555952,2020-09-01,dining_cooling,13.0,0.0,543.614498127605
639023984367,2020-09-01,dining_cooling,16.0,5.0,46.13544359756992
676372984911,2020-09-01,dining_cooling,14.0,4.0,73.99425963915704
4585132874641,2020-09-01,dining_cooling,15.0,5.0,336.86067318989564
4862293128558,2020-09-01,dining_cooling,13.0,2.0,130.48289533726876
4981132848794,2020-09-01,dining_cooling,7.0,2.0,306.76930650916086
30131826429364,2020-09-01,dining_cooling,12.0,3.0,533.6170037650892
30501624614310,2020-09-01,dining_cooling,10.0,1.0,308.9557590547938
30518206766474,2020-09-01,dining_cooling,11.0,3.0,39.725446432543606
30560609640617,2020-09-01,dining_cooling,5.0,2.0,0.0
36485887555770,2020-09-01,dining_cooling,28.0,9.0,20.620698922175563
38052002992326,2020-09-01,dining_cooling,14.0,4.0,18.402895793395885
180042946491150,2020-09-01,dining_cooling,8.0,2.0,0.0
180046165512893,2020-09-01,dining_cooling,5.0,1.0,353.7929908912376
180084695172649,2020-09-01,dining_cooling,5.0,0.0,243.88276464439173
213125815021702,2020-09-01,dining_cooling,8.0,3.0,139.5357803662023
213161869125933,2020-09-01,dining_cooling,9.0,1.0,411.1046081932642
213198837352314,2020-09-01,dining_cooling,6.0,2.0,202.21422268628766
343819048608995,2020-09-01,dining_cooling,10.0,3.0,326.52318097816294
345389171551808,2020-09-01,dining_cooling,10.0,4.0,168.1681298065932
377550167323848,2020-09-01,dining_cooling,10.0,4.0,178.24796226960484
2229824890647120,2020-09-01,dining_cooling,4.0,1.0,153.06295904343048
3512365128314616,2020-09-01,dining_cooling,20.0,6.0,740.3482089156049
3528231451607350,2020-09-01,dining_cooling,6.0,2.0,221.7024033925554
3536818734263520,2020-09-01,dining_cooling,5.0,2.0,0.0
3543299015720986,2020-09-01,dining_cooling,6.0,0.0,316.7343439725364
3554818239968984,2020-09-01,dining_cooling,5.0,2.0,126.70209836297204
3559723917628303,2020-09-01,dining_cooling,8.0,1.0,324.7696219663849
3560246577314524,2020-09-01,dining_cooling,5.0,1.0,348.77088504435676
3561212938177173,2020-09-01,dining_cooling,4.0,1.0,0.0
3564839259330465,2020-09-01,dining_cooling,10.0,1.0,320.8470879897105
3575789281659026,2020-09-01,dining_cooling,15.0,5.0,110.33435406335539
3577596616955856,2020-09-01,dining_cooling,4.0,1.0,82.75080638092481
3583293909206278,2020-09-01,dining_cooling,7.0,1.0,35.50635472157559
3589289942931264,2020-09-01,dining_cooling,13.0,3.0,67.18508801568107
3598014571045296,2020-09-01,dining_cooling,8.0,1.0,345.82386642020816
3598215285024754,2020-09-01,dining_cooling,13.0,4.0,376.97159360122413
3598634130286287,2020-09-01,dining_cooling,6.0,2.0,68.1784897005954
4010002218955876,2020-09-01,dining_cooling,8.0,3.0,241.5883669372069
4104312520615374,2020-09-01,dining_cooling,6.0,2.0,127.94109395508592
4158758517677931,2020-09-01,dining_cooling,4.0,1.0,0.0
4265776278887457,2020-09-01,dining_cooling,8.0,2.0,380.4486010047835
4266200684857219,2020-09-01,dining_cooling,5.0,1.0,148.87150882226499
4450831335606294,2020-09-01,dining_cooling,9.0,3.0,212.78040194138634
4777065439639721,2020-09-01,dining_cooling,19.0,3.0,763.0028034006751
4874006077381178,2020-09-01,dining_cooling,4.0,0.0,142.68791738724696
4878364946692291,2020-09-01,dining_cooling,4.0,0.0,243.08707597617217
5130484058948421,2020-09-01,dining_cooling,5.0,1.0,172.28193933090498
6011149206456997,2020-09-01,dining_cooling,4.0,1.0,147.3540524336311
6011381817520024,2020-09-01,dining_cooling,8.0,3.0,0.0
6011917798331152,2020-09-01,dining_cooling,8.0,2.0,27.767580618614545
6501313409525696,2020-09-01,dining_cooling,4.0,1.0,209.33931739292865
6593250708747804,2020-09-01,dining_cooling,7.0,2.0,189.0945329296913
4018105808392773675,2020-09-01,dining_cooling,9.0,1.0,324.63016616860676
4244953610136705533,2020-09-01,dining_cooling,5.0,2.0,129.94855351551521
4355790796238264643,2020-09-01,dining_cooling,14.0,4.0,535.3796756904857
4373370572092720777,2020-09-01,dining_cooling,4.0,1.0,8.14322111337519
4379260813815979609,2020-09-01,dining_cooling,8.0,3.0,126.83724305703325
4426075337087318654,2020-09-01,dining_cooling,4.0,1.0,47.68502136578749
4457732997086323466,2020-09-01,dining_cooling,15.0,4.0,489.15655534489974
4467456915153312231,2020-09-01,dining_cooling,6.0,1.0,295.69399836216115
4742883543039288059,2020-09-01,dining_cooling,13.0,1.0,116.5321144605602
60422928733,2020-09-01,travel_drop,286.76,47.07,262.6904046676591
60487002085,2020-09-01,travel_drop,2767.39,19.03,2970.3264174683814
630425673344,2020-09-01,travel_drop,652.9000000000001,28.990000000000002,676.2777089116845
639023984367,2020-09-01,travel_drop,10918.67,3004.32,8790.113106544251
639030014711,2020-09-01,travel_drop,3683.3499999999995,981.03,2997.7536048703514
4538566639857,2020-09-01,travel_drop,663.4899999999999,79.03999999999999,637.6671101023334
4809701904914,2020-09-01,travel_drop,1610.05,43.15,1696.038657885216
4862293128558,2020-09-01,travel_drop,10724.120000000003,370.46,11213.818668240123
30033162392091,2020-09-01,travel_drop,4469.76,1894.1,2934.169864581239
30175986190993,2020-09-01,travel_drop,389.0400000000001,135.73000000000002,284.51406413693024
30238755902988,2020-09-01,travel_drop,624.4800000000001,109.25999999999999,565.3082016559486
30518206766474,2020-09-01,travel_drop,274.34,44.81,251.5342231012889
36485887555770,2020-09-01,travel_drop,1209.98,35.79,1271.2399011011794
213136802746375,2020-09-01,travel_drop,267.31999999999994,22.4,266.3611639550796
213175487106448,2020-09-01,travel_drop,342.84,75.06,295.2784612088863
340953839692349,2020-09-01,travel_drop,1808.21,265.21,1688.0326465480118
343464013864032,2020-09-01,travel_drop,300.47999999999996,79.75,244.83085644629028
343668971234893,2020-09-01,travel_drop,1571.39,41.25,1656.177822188286
375534208663984,2020-09-01,travel_drop,10697.61,5309.72,6245.922357988552
377264520876399,2020-09-01,travel_drop,342.88,114.7,255.6816695231098
2296006538441789,2020-09-01,travel_drop,1353.27,84.02999999999999,1377.7828847280061
3500969075198072,2020-09-01,travel_drop,266.53000000000003,55.980000000000004,231.9277997491672
3518758680062249,2020-09-01,travel_drop,330.12,60.37,296.2282172858405
3543591270174051,2020-09-01,travel_drop,1176.16,460.63999999999993,809.8572714252825
3546897637165774,2020-09-01,travel_drop,957.8299999999999,77.17,957.4854903153297
3565196229855512,2020-09-01,travel_drop,1385.31,22.740000000000002,1473.6827444209612
3567879740649740,2020-09-01,travel_drop,5726.139999999999,78.22,6107.2014101815785
3575540972310993,2020-09-01,travel_drop,1874.1899999999998,46.43,1978.084760859534
3576281490078437,2020-09-01,travel_drop,3059.04,1539.1,1765.2990385498533
3590736522064285,2020-09-01,travel_drop,3802.33,70.79999999999998,4036.506735527899
3592931352252641,2020-09-01,travel_drop,15378.65,40.620000000000005,16571.518538297867
4378993458389626,2020-09-01,travel_drop,7569.93,745.05,7432.047852231318
4452366298769043,2020-09-01,travel_drop,1915.69,74.39,1994.9533868663268
4501449508569485,2020-09-01,travel_drop,2001.18,1038.06,1123.6303564403197
4681601008538160,2020-09-01,travel_drop,1764.1499999999999,61.72,1843.9286884309206
4725673654161314,2020-09-01,travel_drop,869.52,3.68,935.5823345885861
4874017206859125,2020-09-01,travel_drop,2463.3700000000003,918.02,1742.9316252133199
4908846471916297,2020-09-01,travel_drop,12240.32,124.88999999999999,13097.19981887865
4933461930348832,2020-09-01,travel_drop,2151.51,31.99,2292.088003370468
5596347693144598,2020-09-01,travel_drop,5314.3099999999995,90.58,5649.9794090158575
6011329966782895,2020-09-01,travel_drop,322.69,28.0,320.57227291884124
6011860238257910,2020-09-01,travel_drop,1347.88,110.09,1345.9005643864014
6011917798331152,2020-09-01,travel_drop,1711.6299999999999,22.0,1826.9161718555772
6506116513503136,2020-09-01,travel_drop,1040.77,16.950000000000003,1107.2979298575797
6595970453799027,2020-09-01,travel_drop,3327.95,89.00999999999999,3505.8677329953134
4292902571056973207,2020-09-01,travel_drop,602.11,84.16000000000001,566.2439519265039
4467456915153312231,2020-09-01,travel_drop,328.01,45.779999999999994,308.5389787105554
4646845581490336108,2020-09-01,travel_drop,304.46,81.12,247.76008371152005
4666314527820883145,2020-09-01,travel_drop,1990.5100000000002,1071.03,1079.134538621224
4689147265057948423,2020-09-01,travel_drop,5806.32,28.41,6243.622476042413
4736845434667908128,2020-09-01,travel_drop,3069.5800000000004,96.77,3219.0144293477233
4792627764422477317,2020-09-01,travel_drop,293.14,117.09,199.56213078629375
502038091380,2020-10-01,dining_cooling,14.0,5.0,332.6181858642708
568279015842,2020-10-01,dining_cooling,6.0,2.0,145.10592836937332
571465035400,2020-10-01,dining_cooling,21.0,4.0,756.7785200482481
639046421587,2020-10-01,dining_cooling,8.0,0.0,367.5688045732338
675990301623,2020-10-01,dining_cooling,10.0,2.0,172.41401349954225
4279161831637,2020-10-01,dining_cooling,8.0,2.0,132.61249254417544
4500002361389,2020-10-01,dining_cooling,18.0,2.0,139.45799452044974
30175986190993,2020-10-01,dining_cooling,8.0,2.0,502.13254691748404
30234966027947,2020-10-01,dining_cooling,17.0,6.0,436.23595870513645
30428204673351,2020-10-01,dining_cooling,16.0,5.0,411.46831022284556
36153880429415,2020-10-01,dining_cooling,8.0,2.0,369.05568445043167
36722699017270,2020-10-01,dining_cooling,18.0,6.0,718.6354258915756
38530489946071,2020-10-01,dining_cooling,10.0,3.0,206.8618829191633
38797410705641,2020-10-01,dining_cooling,13.0,3.0,414.5953010050339
38947654498698,2020-10-01,dining_cooling,7.0,2.0,119.9455328555064
180014262259255,2020-10-01,dining_cooling,4.0,1.0,105.56231615394893
180046617132290,2020-10-01,dining_cooling,4.0,1.0,147.0063747440636
180064817343047,2020-10-01,dining_cooling,8.0,3.0,178.35941932563554
213186334552049,2020-10-01,dining_cooling,4.0,1.0,161.78509492190548
213199865312311,2020-10-01,dining_cooling,9.0,3.0,286.1685819216066
348253506557335,2020-10-01,dining_cooling,6.0,1.0,283.6345037784747
371985236239474,2020-10-01,dining_cooling,9.0,1.0,195.1802371766475
374821819075109,2020-10-01,dining_cooling,6.0,1.0,23.056950176143914
376656886990758,2020-10-01,dining_cooling,9.0,1.0,378.2417926386258
2318062975163331,2020-10-01,dining_cooling,6.0,0.0,214.29989240870947
2657850734909997,2020-10-01,dining_cooling,6.0,0.0,212.42306819054292
3501942333500073,2020-10-01,dining_cooling,17.0,6.0,442.68854238699805
3520550088202337,2020-10-01,dining_cooling,13.0,4.0,72.12261797418591
3524574586339330,2020-10-01,dining_cooling,10.0,3.0,481.5082107589646
3525590521269779,2020-10-01,dining_cooling,16.0,5.0,407.6888053154878
3541554378551366,2020-10-01,dining_cooling,5.0,1.0,252.17675380432598
3546674063249004,2020-10-01,dining_cooling,7.0,2.0,208.10236999929052
3550554389581384,2020-10-01,dining_cooling,6.0,1.0,207.73383112477757
3552581383553463,2020-10-01,dining_cooling,12.0,2.0,573.1632573914926
3565943051129759,2020-10-01,dining_cooling,4.0,0.0,215.523247465895
3576021480694169,2020-10-01,dining_cooling,23.0,8.0,284.51287511692294
3595192916105588,2020-10-01,dining_cooling,18.0,5.0,419.90124038694216
3597337756918966,2020-10-01,dining_cooling,6.0,2.0,154.57470324970535
4025612008285111,2020-10-01,dining_cooling,11.0,3.0,402.69764932393747
4048508450704760,2020-10-01,dining_cooling,9.0,2.0,44.188626583604645
4116554952971686,2020-10-01,dining_cooling,4.0,0.0,260.285884993098
4170689372027579,2020-10-01,dining_cooling,20.0,6.0,413.7510170924536
4277232699798846,2020-10-01,dining_cooling,7.0,1.0,231.56162757461425
4430881574719618,2020-10-01,dining_cooling,13.0,1.0,439.8701129174653
4449530933957323,2020-10-01,dining_cooling,15.0,3.0,566.1665199258763
4488941175228467,2020-10-01,dining_cooling,11.0,3.0,454.5670014500398
4610064888664703,2020-10-01,dining_cooling,7.0,1.0,282.4183650402303
4629451965224809,2020-10-01,dining_cooling,17.0,2.0,33.07052051530307
4681601008538160,2020-10-01,dining_cooling,18.0,6.0,443.4231784371699
5104807169438134,2020-10-01,dining_cooling,6.0,2.0,184.47029679224
5152054598359927,2020-10-01,dining_cooling,16.0,5.0,0.0
6011626928491360,2020-10-01,dining_cooling,7.0,1.0,408.5147095479232
6011693194885790,2020-10-01,dining_cooling,15.0,4.0,289.2549359418246
6592243974328236,2020-10-01,dining_cooling,5.0,0.0,178.60983834908077
4220495028289516646,2020-10-01,dining_cooling,9.0,1.0,430.1854504725894
4958589671582726883,2020-10-01,dining_cooling,12.0,1.0,671.5028221287298
60490596305,2020-10-01,travel_drop,486.08000000000004,41.43,370.678187951091
501899453424,2020-10-01,travel_drop,2833.6100000000006,36.010000000000005,2366.380311183532
570273151375,2020-10-01,travel_drop,496.76,3.29,417.8729020872777
630451534402,2020-10-01,travel_drop,3346.65,847.3700000000001,1989.985717590764
630471368021,2020-10-01,travel_drop,2418.64,1007.5899999999999,1042.9805803695415
676102124465,2020-10-01,travel_drop,7971.6,34.33,6724.149326594217
676369110710,2020-10-01,travel_drop,4273.450000000001,119.62000000000002,3503.4949930044236
676372984911,2020-10-01,travel_drop,6363.679999999999,60.980000000000004,5334.273113686221
4066595222529,2020-10-01,travel_drop,4053.46,74.62,3361.983142553138
4239436242473,2020-10-01,travel_drop,433.11,25.34,341.85917973069667
4247921790666,2020-10-01,travel_drop,423.24,59.93000000000001,298.90119953180493
4306630852918,2020-10-01,travel_drop,3178.6600000000003,525.59,2169.340490274471
4601636330889,2020-10-01,travel_drop,568.53,37.19,444.82092021032287
4900628639996,2020-10-01,travel_drop,3772.28,61.73,3136.4832061474276
4917226033950,2020-10-01,travel_drop,701.9,18.64,576.4446303548197
4957924165498,2020-10-01,travel_drop,5251.75,809.3100000000001,3643.226981715236
30026790933302,2020-10-01,travel_drop,6798.24,2406.9700000000003,3356.711631946644
30103132002433,2020-10-01,travel_drop,728.9900000000001,4.27,613.7820653687991
30199621383748,2020-10-01,travel_drop,3482.69,32.57000000000001,2920.1231062693073
30344654314976,2020-10-01,travel_drop,513.11,34.54,400.4847537845299
30541100351706,2020-10-01,travel_drop,2768.23,0.0,2346.959860788036
38530489946071,2020-10-01,travel_drop,2067.8599999999997,53.71,1699.4623945369956
180065479077096,2020-10-01,travel_drop,1142.21,175.84000000000003,792.5481117503613
180084576295055,2020-10-01,travel_drop,1896.0700000000002,48.480000000000004,1559.0454524531458
346273234529002,2020-10-01,travel_drop,2463.57,501.5,1587.1631183975255
374238209524200,2020-10-01,travel_drop,310.03999999999996,36.099999999999994,226.75801224563085
375904527651269,2020-10-01,travel_drop,278.55,32.68,203.48017065869072
377550167323848,2020-10-01,travel_drop,11105.119999999999,12.09,9403.049236708812
2269768987945882,2020-10-01,travel_drop,980.96,102.75,728.9271890481036
2284059275940012,2020-10-01,travel_drop,283.54999999999995,21.08,219.31926903705528
3501509250702469,2020-10-01,travel_drop,14943.9,493.04,12176.692451288487
3508104404056005,2020-10-01,travel_drop,1226.0800000000002,33.3,1006.1947479490489
3525668150756629,2020-10-01,travel_drop,5996.52,1931.5900000000001,3152.377641566154
3561963695236764,2020-10-01,travel_drop,6916.849999999999,2662.0,3202.241523678208
3562679455732797,2020-10-01,travel_drop,8519.37,36.43,7186.4595103375705
3567697931646329,2020-10-01,travel_drop,884.4200000000001,88.83,660.9986775586403
3582754887089201,2020-10-01,travel_drop,607.36,58.68,456.2517582167023
3598895972308782,2020-10-01,travel_drop,12921.36,428.21,10526.77324445299
4067137330196900,2020-10-01,travel_drop,1849.6599999999999,39.56999999999999,1528.6081413051656
4265776278887457,2020-10-01,travel_drop,435.3200000000001,60.69,308.38286121393384
4384910379661778,2020-10-01,travel_drop,1790.7400000000002,61.599999999999994,1456.624606014518
4423489490781412,2020-10-01,travel_drop,761.3999999999999,99.54000000000002,545.9899010573581
4518350514020532,2020-10-01,travel_drop,1010.88,14.2,842.8439537442372
4550599031376731,2020-10-01,travel_drop,3689.0599999999995,47.190000000000005,3080.467652737927
4904681492230012,2020-10-01,travel_drop,544.03,63.35000000000001,397.8893381563364
4914700582394237,2020-10-01,travel_drop,1185.05,5.2,999.5087066561889
4939976756738216,2020-10-01,travel_drop,1084.1100000000001,26.630000000000003,892.4997885937651
4969856774088583,2020-10-01,travel_drop,8048.41,506.0299999999999,6317.5703558826535
4979422371139333,2020-10-01,travel_drop,607.2,58.400000000000006,456.3961070685946
6011305591981276,2020-10-01,travel_drop,3963.1699999999996,59.07000000000001,3300.9835040366297
6524376634971418,2020-10-01,travel_drop,223.55999999999997,37.760000000000005,151.77856669343709
6534628260579800,2020-10-01,travel_drop,2541.72,137.45000000000002,2017.4702260513639
6544734391390261,2020-10-01,travel_drop,615.0100000000001,130.62,390.79757873560015
4319584480204988982,2020-10-01,travel_drop,2294.43,722.29,1222.9728984542085
4428780983793657331,2020-10-01,travel_drop,2074.1800000000003,67.45,1691.0806148872489
4560004149983868183,2020-10-01,travel_drop,1222.8700000000001,27.89,1008.8832467901387
4710826438164847414,2020-10-01,travel_drop,3601.0799999999995,54.150000000000006,2998.9164776722237
4797297220948468262,2020-10-01,travel_drop,14092.14,57.72,11889.873564337326
501899453424,2020-11-01,dining_cooling,8.0,4.0,203.42322783955916
503874407318,2020-11-01,dining_cooling,12.0,6.0,27.739270387980298
560881134780,2020-11-01,dining_cooling,4.0,1.0,275.3452908460601
577588686219,2020-11-01,dining_cooling,13.0,4.0,174.60873609644395
639030014711,2020-11-01,dining_cooling,8.0,4.0,232.62063470618475
676148621961,2020-11-01,dining_cooling,6.0,0.0,233.44949323049482
4066595222529,2020-11-01,dining_cooling,8.0,2.0,237.7109625549436
4186530744674,2020-11-01,dining_cooling,7.0,2.0,658.3346082985865
4220345354880,2020-11-01,dining_cooling,8.0,4.0,264.1888650550085
4259996134423,2020-11-01,dining_cooling,4.0,1.0,93.62124138628187
30044330818990,2020-11-01,dining_cooling,15.0,6.0,790.8866792846036
30092964733035,2020-11-01,dining_cooling,6.0,2.0,241.53335986377806
30344654314976,2020-11-01,dining_cooling,6.0,3.0,0.0
30364087349027,2020-11-01,dining_cooling,7.0,2.0,214.781544932911
30376238035123,2020-11-01,dining_cooling,5.0,0.0,628.6088168005585
30408301059761,2020-11-01,dining_cooling,6.0,2.0,244.54006515824344
30427035050508,2020-11-01,dining_cooling,8.0,3.0,421.76116840276933
30442439074871,2020-11-01,dining_cooling,6.0,2.0,200.4455966044777
36360452125889,2020-11-01,dining_cooling,4.0,1.0,297.43942050589635
38057513087029,2020-11-01,dining_cooling,10.0,4.0,513.6557833367215
38580485618059,2020-11-01,dining_cooling,8.0,2.0,380.71092568170195
180011453250192,2020-11-01,dining_cooling,12.0,6.0,371.8601551226731
180018375329178,2020-11-01,dining_cooling,9.0,4.0,353.718276986437
180036456789979,2020-11-01,dining_cooling,16.0,4.0,554.3528030549677
213148039875802,2020-11-01,dining_cooling,8.0,2.0,479.5108336735027
340103199302564,2020-11-01,dining_cooling,8.0,4.0,440.1817088118426
343472729187663,2020-11-01,dining_cooling,6.0,3.0,139.13405319750808
345832460465610,2020-11-01,dining_cooling,9.0,4.0,793.2848314771388
346208242862904,2020-11-01,dining_cooling,5.0,1.0,428.5297170039989
370348764075623,2020-11-01,dining_cooling,10.0,4.0,657.4700553800999
370612217861404,2020-11-01,dining_cooling,6.0,3.0,423.0625757117525
374238209524200,2020-11-01,dining_cooling,5.0,1.0,366.98386815922464
377113842678100,2020-11-01,dining_cooling,9.0,4.0,362.380143146513
2248348993063230,2020-11-01,dining_cooling,5.0,2.0,76.21416551119312
2268221587779419,2020-11-01,dining_cooling,4.0,1.0,320.5965278996604
2291163933867244,2020-11-01,dining_cooling,8.0,3.0,518.4268895560062
3500165543009955,2020-11-01,dining_cooling,5.0,0.0,296.01327023538613
3519607465576254,2020-11-01,dining_cooling,6.0,3.0,139.40433729251748
3534093764340240,2020-11-01,dining_cooling,5.0,1.0,302.6490227392795
3545109339866548,2020-11-01,dining_cooling,21.0,9.0,470.6143352487479
3556613125071656,2020-11-01,dining_cooling,15.0,7.0,0.0
3566373869538620,2020-11-01,dining_cooling,4.0,1.0,116.04493250051095
3567527758368741,2020-11-01,dining_cooling,6.0,2.0,235.73802050435393
3598304579370089,2020-11-01,dining_cooling,16.0,6.0,660.613106433578
3599237318576484,2020-11-01,dining_cooling,5.0,2.0,572.1343106105803
4191109180926792,2020-11-01,dining_cooling,9.0,3.0,467.5347138997827
4260059589824237,2020-11-01,dining_cooling,4.0,0.0,264.93854655746
4335531783520911,2020-11-01,dining_cooling,5.0,2.0,0.0
4348786085525522,2020-11-01,dining_cooling,6.0,2.0,250.7211335732973
4412720572684931,2020-11-01,dining_cooling,4.0,1.0,151.70146006413364
4428154703770710,2020-11-01,dining_cooling,4.0,1.0,49.7534176374573
4713464490314802,2020-11-01,dining_cooling,6.0,0.0,366.4493105720187
4716561796955522,2020-11-01,dining_cooling,17.0,5.0,173.75967129737512
4740713119940984,2020-11-01,dining_cooling,5.0,1.0,258.2191017494339
4789911625179723,2020-11-01,dining_cooling,6.0,1.0,315.47694223403323
4822367783500458,2020-11-01,dining_cooling,4.0,2.0,19.041880089110634
4952583804639909,2020-11-01,dining_cooling,7.0,3.0,183.43820214094524
5127412150261034,2020-11-01,dining_cooling,4.0,1.0,37.73546721898029
6011477612335392,2020-11-01,dining_cooling,4.0,1.0,145.22991742013465
6011492816282597,2020-11-01,dining_cooling,7.0,2.0,178.82495356896732
6511349151405438,2020-11-01,dining_cooling,4.0,2.0,96.86797208188523
6538891242532018,2020-11-01,dining_cooling,17.0,6.0,444.3757545338912
6592861994408652,2020-11-01,dining_cooling,10.0,3.0,162.7561195148058
4089096483689733451,2020-11-01,dining_cooling,8.0,3.0,215.03470804115975
4092452671396169678,2020-11-01,dining_cooling,7.0,0.0,372.9067897363097
4312133045694601139,2020-11-01,dining_cooling,6.0,3.0,118.32975761497039
4358137750029944984,2020-11-01,dining_cooling,7.0,0.0,131.64566678125
4428780983793657331,2020-11-01,dining_cooling,11.0,2.0,1371.9742960728224
573860193545,2020-11-01,travel_drop,1333.5900000000001,107.30000000000001,1000.472292160187
630469040731,2020-11-01,travel_drop,363.47,37.83,264.0933760237128
676275912597,2020-11-01,travel_drop,2527.13,908.9300000000001,1190.279346715837
4189814094741,2020-11-01,travel_drop,1028.67,31.419999999999995,823.0646045459396
4427805710168,2020-11-01,travel_drop,546.1000000000001,61.94,391.6885130727421
30082025922891,2020-11-01,travel_drop,7395.34,279.1,5863.982014040234
30153452207526,2020-11-01,travel_drop,258.62,84.55000000000001,130.2776983169246
30235438713303,2020-11-01,travel_drop,1018.59,83.53,762.5814578479478
180084695172649,2020-11-01,travel_drop,2604.7599999999998,10.09,2153.604205660786
213178765398315,2020-11-01,travel_drop,490.60999999999996,85.53,322.0046727680241
341283058448499,2020-11-01,travel_drop,6907.369999999999,24.65,5713.090308264541
342351256941125,2020-11-01,travel_drop,2653.2,39.39,2164.541827292802
349612764943496,2020-11-01,travel_drop,5460.67,1513.69,3022.3210098533787
370348764075623,2020-11-01,travel_drop,660.1399999999999,80.91,467.4480417869253
371284424780634,2020-11-01,travel_drop,2690.99,162.01,2073.3128207171176
375974680629816,2020-11-01,travel_drop,1040.1499999999999,52.760000000000005,811.2606882853187
376262134119629,2020-11-01,travel_drop,205.76,59.84,111.07851831138507
377026671291680,2020-11-01,travel_drop,3092.17,63.519999999999996,2505.0507366199245
377234009633447,2020-11-01,travel_drop,2539.0,80.7,2028.3693914881744
2297447006766555,2020-11-01,travel_drop,1692.1999999999998,43.0,1362.6586153116534
2450829271795901,2020-11-01,travel_drop,789.04,7.77,647.6613165261241
2713913904780408,2020-11-01,travel_drop,1697.83,12.52,1397.8152835566627
3502377050801561,2020-11-01,travel_drop,881.9300000000001,74.12,658.4721892222
3514897282719543,2020-11-01,travel_drop,205.14000000000001,56.93000000000001,113.47350333591339
3527536963490470,2020-11-01,travel_drop,292.70000000000005,48.279999999999994,194.8569085815631
3533742182628021,2020-11-01,travel_drop,1456.8400000000001,88.25999999999999,1121.892285268071
3534093764340240,2020-11-01,travel_drop,6828.3,7.6899999999999995,5664.369285505593
3536918668124647,2020-11-01,travel_drop,355.68,21.06,274.39246205770536
3538520143479972,2020-11-01,travel_drop,4011.15,32.68,3299.2592239731357
3541160328600277,2020-11-01,travel_drop,8686.08,43.82000000000001,7171.440126040804
3543299015720986,2020-11-01,travel_drop,2315.77,38.41,1885.229080238901
3545109339866548,2020-11-01,travel_drop,5289.790000000001,128.67,4265.396237258854
3559723917628303,2020-11-01,travel_drop,4016.1800000000003,429.17,2906.9474906289784
3564839259330465,2020-11-01,travel_drop,5565.039999999999,65.75999999999999,4556.947966288833
3579200383632826,2020-11-01,travel_drop,2135.91,0.0,1774.2348971931888
3582402971899057,2020-11-01,travel_drop,2368.4900000000002,0.0,1967.4319665403018
4025612008285111,2020-11-01,travel_drop,7844.54,66.9,6449.3186704626405
4069975342931683,2020-11-01,travel_drop,2835.99,294.15,2061.6198714322754
4104312520615374,2020-11-01,travel_drop,433.59,25.57,334.5999084109324
4147608975828480,2020-11-01,travel_drop,667.5400000000002,52.33,502.1749947199749
4173950183554608,2020-11-01,travel_drop,3478.1900000000005,21.75,2867.475705703133
4446368897795790,2020-11-01,travel_drop,7260.450000000001,3002.6400000000003,3028.3930301025266
4708992452821239,2020-11-01,travel_drop,6427.33,66.78,5272.205810158995
4713464490314802,2020-11-01,travel_drop,3578.05,1421.5700000000002,1550.6063435266883
5130484058948421,2020-11-01,travel_drop,4942.85,1962.96,2142.913825016669
6011724471098086,2020-11-01,travel_drop,1230.66,27.48,994.7914995387305
6502195877055606,2020-11-01,travel_drop,1697.01,503.05,906.6041347181358
6506982560413523,2020-11-01,travel_drop,4164.789999999999,27.16,3432.403257572285
6550399784335736,2020-11-01,travel_drop,851.3,54.489999999999995,652.6587880952669
4040099974063068803,2020-11-01,travel_drop,4632.39,1868.38,1979.6042293957876
4089096483689733451,2020-11-01,travel_drop,235.09,35.239999999999995,160.042049328458
630424987505,2020-12-01,dining_cooling,19.0,16.0,57.99188787762847
4600155880464,2020-12-01,dining_cooling,4.0,3.0,664.9000118501554
4658117080136,2020-12-01,dining_cooling,10.0,7.0,315.82678181086027
30263540414123,2020-12-01,dining_cooling,5.0,4.0,548.5755339812118
30404291151692,2020-12-01,dining_cooling,4.0,2.0,264.39346974372296
30487648872433,2020-12-01,dining_cooling,7.0,6.0,25.966726578273153
30518196150127,2020-12-01,dining_cooling,4.0,3.0,340.15717527208994
180058696935600,2020-12-01,dining_cooling,10.0,6.0,318.0815754869959
213113338379864,2020-12-01,dining_cooling,7.0,6.0,865.2871482952266
213124978348176,2020-12-01,dining_cooling,11.0,5.0,0.0
342035762534413,2020-12-01,dining_cooling,7.0,5.0,220.09728600967674
348789608637806,2020-12-01,dining_cooling,11.0,9.0,934.4918033904715
2512312531485080,2020-12-01,dining_cooling,8.0,6.0,509.32646199308033
2703186189652095,2020-12-01,dining_cooling,9.0,8.0,287.1488419469572
2720894374956739,2020-12-01,dining_cooling,7.0,4.0,737.3319070641273
3514865930894695,2020-12-01,dining_cooling,14.0,9.0,1088.8532315905682
3519232971341141,2020-12-01,dining_cooling,4.0,3.0,318.46166152542605
3564182536169293,2020-12-01,dining_cooling,7.0,5.0,999.1744887618538
3577794103155425,2020-12-01,dining_cooling,8.0,5.0,296.63399531594075
3579200383632826,2020-12-01,dining_cooling,4.0,3.0,295.7092478031673
3589289942931264,2020-12-01,dining_cooling,13.0,12.0,646.8906285194404
3598634130286287,2020-12-01,dining_cooling,4.0,3.0,56.096981821828564
4917187576956394,2020-12-01,dining_cooling,7.0,4.0,531.1585991891864
5130484058948421,2020-12-01,dining_cooling,7.0,5.0,473.40336711811597
6011360759745864,2020-12-01,dining_cooling,6.0,4.0,711.259135926727
6011681934117244,2020-12-01,dining_cooling,5.0,2.0,306.0719432918239
6539653032686894,2020-12-01,dining_cooling,4.0,1.0,787.8834715674086
4225990116481262579,2020-12-01,dining_cooling,6.0,5.0,458.96613319687935
4689147265057948423,2020-12-01,dining_cooling,13.0,10.0,540.8266433207737
4736845434667908128,2020-12-01,dining_cooling,9.0,6.0,742.8549191356127
501828204849,2020-12-01,travel_drop,574.37,12.43,680.8116598404946
583699482621,2020-12-01,travel_drop,5292.040000000001,83.32,6303.961009701571
630423337322,2020-12-01,travel_drop,956.0500000000001,35.400000000000006,1118.5141823049685
4259996134423,2020-12-01,travel_drop,3109.87,134.61999999999998,3618.868936901577
4755696071492,2020-12-01,travel_drop,6968.07,55.480000000000004,8354.702308763959
4981132848794,2020-12-01,travel_drop,1582.71,165.83999999999997,1744.4277846094838
30118423745458,2020-12-01,travel_drop,3168.4300000000003,72.59,3751.578519052907
30234966027947,2020-12-01,travel_drop,901.8399999999999,71.4,1017.084876491724
30263540414123,2020-12-01,travel_drop,1206.1000000000001,31.66,1424.054549739054
180046765320457,2020-12-01,travel_drop,7485.389999999999,1061.3500000000001,7973.216896170481
180064817343047,2020-12-01,travel_drop,9581.289999999999,80.94,11483.294523065499
213124978348176,2020-12-01,travel_drop,2066.92,54.18,2440.5099238426715
213157767990030,2020-12-01,travel_drop,1028.98,346.88,895.0577807731464
213186334552049,2020-12-01,travel_drop,1447.8,31.08,1716.3568005241707
345389171551808,2020-12-01,travel_drop,1342.8799999999999,591.8100000000001,1028.9925491697045
346243940647414,2020-12-01,travel_drop,3555.12,12.660000000000002,4278.227911506762
347073228412010,2020-12-01,travel_drop,4961.78,1237.85,4750.820374433499
374930071163758,2020-12-01,travel_drop,5381.75,489.31,6006.247398273902
3504178999463051,2020-12-01,travel_drop,321.98,55.08,333.53700582454246
3533800906065217,2020-12-01,travel_drop,1746.8999999999999,147.14,1961.2985597704615
3558881852140592,2020-12-01,travel_drop,4535.549999999999,34.07,5440.157780506563
3560697798177746,2020-12-01,travel_drop,409.72,60.10999999999999,434.40568304376524
3565423334076143,2020-12-01,travel_drop,4347.54,989.1099999999999,4258.197216294277
3566094707272327,2020-12-01,travel_drop,16885.24,3269.4300000000003,17110.380582734324
4254074738931278,2020-12-01,travel_drop,320.44,76.39,310.3682873048524
4277232699798846,2020-12-01,travel_drop,1318.9900000000002,558.59,1033.3782729129553
4450831335606294,2020-12-01,travel_drop,4728.56,29.919999999999998,5677.263145107455
4509142395811241,2020-12-01,travel_drop,205.84,98.02,150.420662398049
4657269323674365,2020-12-01,travel_drop,299.18,30.089999999999996,331.00831605250823
4671727014157745,2020-12-01,travel_drop,703.0200000000001,343.66,504.8570738392752
4767265376804500,2020-12-01,travel_drop,4943.320000000001,12.23,5954.159891398775
4922710831011201,2020-12-01,travel_drop,617.8,51.48,694.1799360159087
4926376199189801,2020-12-01,travel_drop,2572.73,36.75,3068.4324007546275
4998109455173950,2020-12-01,travel_drop,2573.0799999999995,1093.2900000000002,2012.3148367818292
5456776410929288,2020-12-01,travel_drop,629.53,125.59,634.2275777275737
6011149206456997,2020-12-01,travel_drop,1980.24,1065.19,1324.880624305832
6011348830550197,2020-12-01,travel_drop,1711.57,97.9,1967.8966602245855
6011382886333463,2020-12-01,travel_drop,3099.1000000000004,50.06,3690.429976864524
6011934240159560,2020-12-01,travel_drop,4859.98,2910.45,2955.351838521522
6573561108825071,2020-12-01,travel_drop,5898.42,136.21999999999997,6982.9374616299065
4560395181594436016,2020-12-01,travel_drop,3147.3999999999996,94.91,3703.876148618438
4906628655840914250,2020-12-01,travel_drop,513.21,92.03999999999999,527.3839814870906
4973530368125489546,2020-12-01,travel_drop,1091.21,458.83,858.2169064097118
